table_name,description,DDL
USERS_BEHAVIORS_APP_FIRSTSESSION_VIEW,,"create or replace TABLE USERS_BEHAVIORS_APP_FIRSTSESSION_VIEW (
	""""SESSION_ID"""" VARCHAR(16777216),
	""""LANGUAGE"""" VARCHAR(16777216),
	""""OS_VERSION"""" VARCHAR(16777216),
	""""APP_ID"""" VARCHAR(16777216),
	""""APP_API_ID"""" VARCHAR(16777216),
	""""COUNTRY"""" VARCHAR(16777216),
	""""SDK_VERSION"""" VARCHAR(16777216),
	""""EXTERNAL_USER_ID"""" VARCHAR(16777216),
	""""PLATFORM"""" VARCHAR(16777216),
	""""DEVICE_ID"""" VARCHAR(16777216),
	""""DEVICE_MODEL"""" VARCHAR(16777216),
	""""SF_CREATED_AT"""" TIMESTAMP_LTZ,
	""""APP_GROUP_API_ID"""" VARCHAR(16777216),
	""""TIME"""" NUMBER(38,0),
	""""USER_ID"""" VARCHAR(16777216),
	""""APP_GROUP_ID"""" VARCHAR(16777216),
	""""TIMEZONE"""" VARCHAR(16777216),
	""""GENDER"""" VARCHAR(16777216),
	""""ID"""" VARCHAR(16777216)
);"
USERS_BEHAVIORS_APP_NEWSFEEDIMPRESSION_VIEW,,"create or replace TABLE USERS_BEHAVIORS_APP_NEWSFEEDIMPRESSION_VIEW (
	""""OS_VERSION"""" VARCHAR(16777216),
	""""APP_GROUP_API_ID"""" VARCHAR(16777216),
	""""APP_GROUP_ID"""" VARCHAR(16777216),
	""""DEVICE_ID"""" VARCHAR(16777216),
	""""DEVICE_MODEL"""" VARCHAR(16777216),
	""""ID"""" VARCHAR(16777216),
	""""USER_ID"""" VARCHAR(16777216),
	""""PLATFORM"""" VARCHAR(16777216),
	""""TIME"""" NUMBER(38,0),
	""""SF_CREATED_AT"""" TIMESTAMP_LTZ,
	""""APP_ID"""" VARCHAR(16777216),
	""""EXTERNAL_USER_ID"""" VARCHAR(16777216),
	""""APP_API_ID"""" VARCHAR(16777216),
	""""SDK_VERSION"""" VARCHAR(16777216)
);"
USERS_BEHAVIORS_APP_SESSIONEND_VIEW,,"create or replace TABLE USERS_BEHAVIORS_APP_SESSIONEND_VIEW (
	""""SDK_VERSION"""" VARCHAR(16777216),
	""""EXTERNAL_USER_ID"""" VARCHAR(16777216),
	""""SF_CREATED_AT"""" TIMESTAMP_LTZ,
	""""TIME"""" NUMBER(38,0),
	""""PLATFORM"""" VARCHAR(16777216),
	""""SESSION_ID"""" VARCHAR(16777216),
	""""ID"""" VARCHAR(16777216),
	""""DEVICE_ID"""" VARCHAR(16777216),
	""""APP_GROUP_API_ID"""" VARCHAR(16777216),
	""""APP_API_ID"""" VARCHAR(16777216),
	""""APP_ID"""" VARCHAR(16777216),
	""""OS_VERSION"""" VARCHAR(16777216),
	""""APP_GROUP_ID"""" VARCHAR(16777216),
	""""DEVICE_MODEL"""" VARCHAR(16777216),
	""""USER_ID"""" VARCHAR(16777216),
	""""DURATION"""" VARCHAR(16777216)
);"
USERS_BEHAVIORS_APP_SESSIONSTART_VIEW,,"create or replace TABLE USERS_BEHAVIORS_APP_SESSIONSTART_VIEW (
	""""APP_GROUP_ID"""" VARCHAR(16777216),
	""""PLATFORM"""" VARCHAR(16777216),
	""""DEVICE_MODEL"""" VARCHAR(16777216),
	""""DEVICE_ID"""" VARCHAR(16777216),
	""""TIME"""" NUMBER(38,0),
	""""APP_GROUP_API_ID"""" VARCHAR(16777216),
	""""OS_VERSION"""" VARCHAR(16777216),
	""""EXTERNAL_USER_ID"""" VARCHAR(16777216),
	""""APP_ID"""" VARCHAR(16777216),
	""""SESSION_ID"""" VARCHAR(16777216),
	""""APP_API_ID"""" VARCHAR(16777216),
	""""SDK_VERSION"""" VARCHAR(16777216),
	""""ID"""" VARCHAR(16777216),
	""""USER_ID"""" VARCHAR(16777216),
	""""SF_CREATED_AT"""" TIMESTAMP_LTZ
);"
USERS_BEHAVIORS_CUSTOMEVENT_VIEW,,"create or replace TABLE USERS_BEHAVIORS_CUSTOMEVENT_VIEW (
	""""USER_ID"""" VARCHAR(16777216),
	""""SF_CREATED_AT"""" TIMESTAMP_LTZ,
	""""DEVICE_MODEL"""" VARCHAR(16777216),
	""""AD_ID"""" VARCHAR(16777216),
	""""AD_TRACKING_ENABLED"""" BOOLEAN,
	""""ID"""" VARCHAR(16777216),
	""""NAME"""" VARCHAR(16777216),
	""""APP_ID"""" VARCHAR(16777216),
	""""APP_API_ID"""" VARCHAR(16777216),
	""""COUNTRY"""" VARCHAR(16777216),
	""""OS_VERSION"""" VARCHAR(16777216),
	""""GENDER"""" VARCHAR(16777216),
	""""AD_ID_TYPE"""" VARCHAR(16777216),
	""""LANGUAGE"""" VARCHAR(16777216),
	""""TIME"""" NUMBER(38,0),
	""""TIMEZONE"""" VARCHAR(16777216),
	""""DATA_POINT_SOURCE"""" NUMBER(38,0),
	""""APP_GROUP_API_ID"""" VARCHAR(16777216),
	""""DEVICE_ID"""" VARCHAR(16777216),
	""""EXTERNAL_USER_ID"""" VARCHAR(16777216),
	""""APP_GROUP_ID"""" VARCHAR(16777216),
	""""SDK_VERSION"""" VARCHAR(16777216),
	""""PLATFORM"""" VARCHAR(16777216),
	""""PROPERTIES"""" VARCHAR(16777216)
);"
USERS_BEHAVIORS_GEOFENCE_DATAEVENT_VIEW,,"create or replace TABLE USERS_BEHAVIORS_GEOFENCE_DATAEVENT_VIEW (
	""""EVENT_TYPE"""" VARCHAR(16777216),
	""""OS_VERSION"""" VARCHAR(16777216),
	""""SF_CREATED_AT"""" TIMESTAMP_LTZ,
	""""LOCATION_SET_ID"""" VARCHAR(16777216),
	""""SDK_VERSION"""" VARCHAR(16777216),
	""""APP_API_ID"""" VARCHAR(16777216),
	""""USER_ID"""" VARCHAR(16777216),
	""""TIME"""" NUMBER(38,0),
	""""PLATFORM"""" VARCHAR(16777216),
	""""APP_GROUP_ID"""" VARCHAR(16777216),
	""""GEOFENCE_ID"""" VARCHAR(16777216),
	""""APP_GROUP_API_ID"""" VARCHAR(16777216),
	""""EXTERNAL_USER_ID"""" VARCHAR(16777216),
	""""APP_ID"""" VARCHAR(16777216),
	""""DEVICE_ID"""" VARCHAR(16777216),
	""""ID"""" VARCHAR(16777216),
	""""DEVICE_MODEL"""" VARCHAR(16777216)
);"
USERS_BEHAVIORS_INSTALLATTRIBUTION_VIEW,,"create or replace TABLE USERS_BEHAVIORS_INSTALLATTRIBUTION_VIEW (
	""""ID"""" VARCHAR(16777216),
	""""TIME"""" NUMBER(38,0),
	""""SF_CREATED_AT"""" TIMESTAMP_LTZ,
	""""APP_GROUP_API_ID"""" VARCHAR(16777216),
	""""USER_ID"""" VARCHAR(16777216),
	""""DEVICE_ID"""" VARCHAR(16777216),
	""""EXTERNAL_USER_ID"""" VARCHAR(16777216),
	""""SOURCE"""" VARCHAR(16777216),
	""""APP_GROUP_ID"""" VARCHAR(16777216)
);"
USERS_BEHAVIORS_LOCATION_VIEW,,"create or replace TABLE USERS_BEHAVIORS_LOCATION_VIEW (
	""""AD_ID_TYPE"""" VARCHAR(16777216),
	""""LL_ACCURACY"""" VARCHAR(16777216),
	""""LONGITUDE"""" VARCHAR(16777216),
	""""SF_CREATED_AT"""" TIMESTAMP_LTZ,
	""""EXTERNAL_USER_ID"""" VARCHAR(16777216),
	""""LATITUDE"""" VARCHAR(16777216),
	""""APP_API_ID"""" VARCHAR(16777216),
	""""DEVICE_MODEL"""" VARCHAR(16777216),
	""""USER_ID"""" VARCHAR(16777216),
	""""APP_GROUP_API_ID"""" VARCHAR(16777216),
	""""APP_GROUP_ID"""" VARCHAR(16777216),
	""""DEVICE_ID"""" VARCHAR(16777216),
	""""ALT_ACCURACY"""" VARCHAR(16777216),
	""""AD_TRACKING_ENABLED"""" BOOLEAN,
	""""OS_VERSION"""" VARCHAR(16777216),
	""""APP_ID"""" VARCHAR(16777216),
	""""AD_ID"""" VARCHAR(16777216),
	""""ID"""" VARCHAR(16777216),
	""""TIME"""" NUMBER(38,0),
	""""SDK_VERSION"""" VARCHAR(16777216),
	""""PLATFORM"""" VARCHAR(16777216),
	""""ALTITUDE"""" VARCHAR(16777216)
);"
USERS_BEHAVIORS_PURCHASE_VIEW,,"create or replace TABLE USERS_BEHAVIORS_PURCHASE_VIEW (
	""""DEVICE_ID"""" VARCHAR(16777216),
	""""APP_ID"""" VARCHAR(16777216),
	""""SDK_VERSION"""" VARCHAR(16777216),
	""""APP_API_ID"""" VARCHAR(16777216),
	""""DATA_POINT_SOURCE"""" NUMBER(38,0),
	""""AD_ID_TYPE"""" VARCHAR(16777216),
	""""EXTERNAL_USER_ID"""" VARCHAR(16777216),
	""""AD_TRACKING_ENABLED"""" BOOLEAN,
	""""OS_VERSION"""" VARCHAR(16777216),
	""""PRODUCT_ID"""" VARCHAR(16777216),
	""""AD_ID"""" VARCHAR(16777216),
	""""ID"""" VARCHAR(16777216),
	""""PROPERTIES"""" VARCHAR(16777216),
	""""USER_ID"""" VARCHAR(16777216),
	""""APP_GROUP_ID"""" VARCHAR(16777216),
	""""PRICE"""" VARCHAR(16777216),
	""""APP_GROUP_API_ID"""" VARCHAR(16777216),
	""""DEVICE_MODEL"""" VARCHAR(16777216),
	""""SOURCE"""" VARCHAR(16777216),
	""""SF_CREATED_AT"""" TIMESTAMP_LTZ,
	""""PLATFORM"""" VARCHAR(16777216),
	""""CURRENCY"""" VARCHAR(16777216),
	""""TIME"""" NUMBER(38,0)
);"
USERS_BEHAVIORS_SUBSCRIPTIONGROUP_STATECHANGE_VIEW,,"create or replace TABLE USERS_BEHAVIORS_SUBSCRIPTIONGROUP_STATECHANGE_VIEW (
	""""APP_API_ID"""" VARCHAR(16777216),
	""""CANVAS_STEP_API_ID"""" VARCHAR(16777216),
	""""USER_ID"""" VARCHAR(16777216),
	""""CAMPAIGN_ID"""" VARCHAR(16777216),
	""""MESSAGE_VARIATION_API_ID"""" VARCHAR(16777216),
	""""CANVAS_VARIATION_API_ID"""" VARCHAR(16777216),
	""""EXTERNAL_USER_ID"""" VARCHAR(16777216),
	""""APP_ID"""" VARCHAR(16777216),
	""""CANVAS_STEP_ID"""" VARCHAR(16777216),
	""""CAMPAIGN_API_ID"""" VARCHAR(16777216),
	""""SUBSCRIPTION_STATUS"""" VARCHAR(16777216),
	""""CANVAS_API_ID"""" VARCHAR(16777216),
	""""PHONE_NUMBER"""" VARCHAR(16777216),
	""""SUBSCRIPTION_GROUP_API_ID"""" VARCHAR(16777216),
	""""SF_CREATED_AT"""" TIMESTAMP_LTZ,
	""""TIMEZONE"""" VARCHAR(16777216),
	""""CHANNEL"""" VARCHAR(16777216),
	""""ID"""" VARCHAR(16777216),
	""""APP_GROUP_API_ID"""" VARCHAR(16777216),
	""""SUBSCRIPTION_GROUP_ID"""" VARCHAR(16777216),
	""""EMAIL_ADDRESS"""" VARCHAR(16777216),
	""""SEND_ID"""" VARCHAR(16777216),
	""""CANVAS_ID"""" VARCHAR(16777216),
	""""APP_GROUP_ID"""" VARCHAR(16777216),
	""""CANVAS_VARIATION_ID"""" VARCHAR(16777216),
	""""MESSAGE_VARIATION_ID"""" VARCHAR(16777216),
	""""TIME"""" NUMBER(38,0),
	""""DEVICE_ID"""" VARCHAR(16777216)
);"
USERS_BEHAVIORS_UNINSTALL_VIEW,,"create or replace TABLE USERS_BEHAVIORS_UNINSTALL_VIEW (
	""""USER_ID"""" VARCHAR(16777216),
	""""TIME"""" NUMBER(38,0),
	""""APP_GROUP_API_ID"""" VARCHAR(16777216),
	""""APP_API_ID"""" VARCHAR(16777216),
	""""APP_GROUP_ID"""" VARCHAR(16777216),
	""""ID"""" VARCHAR(16777216),
	""""APP_ID"""" VARCHAR(16777216),
	""""DEVICE_ID"""" VARCHAR(16777216),
	""""SF_CREATED_AT"""" TIMESTAMP_LTZ,
	""""EXTERNAL_USER_ID"""" VARCHAR(16777216)
);"
USERS_BEHAVIORS_UPGRADEDAPP_VIEW,,"create or replace TABLE USERS_BEHAVIORS_UPGRADEDAPP_VIEW (
	""""TIME"""" NUMBER(38,0),
	""""ID"""" VARCHAR(16777216),
	""""PLATFORM"""" VARCHAR(16777216),
	""""APP_GROUP_ID"""" VARCHAR(16777216),
	""""OS_VERSION"""" VARCHAR(16777216),
	""""SDK_VERSION"""" VARCHAR(16777216),
	""""EXTERNAL_USER_ID"""" VARCHAR(16777216),
	""""OLD_APP_VERSION"""" VARCHAR(16777216),
	""""USER_ID"""" VARCHAR(16777216),
	""""DEVICE_ID"""" VARCHAR(16777216),
	""""APP_GROUP_API_ID"""" VARCHAR(16777216),
	""""NEW_APP_VERSION"""" VARCHAR(16777216),
	""""APP_ID"""" VARCHAR(16777216),
	""""DEVICE_MODEL"""" VARCHAR(16777216),
	""""APP_API_ID"""" VARCHAR(16777216),
	""""SF_CREATED_AT"""" TIMESTAMP_LTZ
);"
USERS_CAMPAIGNS_CONVERSION_VIEW,,"create or replace TABLE USERS_CAMPAIGNS_CONVERSION_VIEW (
	""""MESSAGE_VARIATION_API_ID"""" VARCHAR(16777216),
	""""APP_GROUP_ID"""" VARCHAR(16777216),
	""""COUNTRY"""" VARCHAR(16777216),
	""""SF_CREATED_AT"""" TIMESTAMP_LTZ,
	""""BOOLEAN_CUSTOM_ATTRIBUTES"""" VARIANT,
	""""GENDER"""" VARCHAR(16777216),
	""""TIME_CUSTOM_ATTRIBUTES"""" VARIANT,
	""""APP_ID"""" VARCHAR(16777216),
	""""APP_GROUP_API_ID"""" VARCHAR(16777216),
	""""TIMEZONE"""" VARCHAR(16777216),
	""""FLOAT_CUSTOM_ATTRIBUTES"""" VARIANT,
	""""ID"""" VARCHAR(16777216),
	""""CAMPAIGN_API_ID"""" VARCHAR(16777216),
	""""EXTERNAL_USER_ID"""" VARCHAR(16777216),
	""""APP_API_ID"""" VARCHAR(16777216),
	""""SEND_ID"""" VARCHAR(16777216),
	""""DISPATCH_ID"""" VARCHAR(16777216),
	""""LANGUAGE"""" VARCHAR(16777216),
	""""CONVERSION_BEHAVIOR_INDEX"""" NUMBER(38,0),
	""""STRING_CUSTOM_ATTRIBUTES"""" VARIANT,
	""""DEVICE_ID"""" VARCHAR(16777216),
	""""TIME"""" NUMBER(38,0),
	""""NUMBER_CUSTOM_ATTRIBUTES"""" VARIANT,
	""""MESSAGE_VARIATION_ID"""" VARCHAR(16777216),
	""""CAMPAIGN_ID"""" VARCHAR(16777216),
	""""USER_ID"""" VARCHAR(16777216)
);"
USERS_CAMPAIGNS_ENROLLINCONTROL_VIEW,,"create or replace TABLE USERS_CAMPAIGNS_ENROLLINCONTROL_VIEW (
	""""APP_API_ID"""" VARCHAR(16777216),
	""""APP_ID"""" VARCHAR(16777216),
	""""TIME"""" NUMBER(38,0),
	""""MESSAGE_VARIATION_API_ID"""" VARCHAR(16777216),
	""""MESSAGE_VARIATION_ID"""" VARCHAR(16777216),
	""""SEND_ID"""" VARCHAR(16777216),
	""""TIME_CUSTOM_ATTRIBUTES"""" VARIANT,
	""""STRING_CUSTOM_ATTRIBUTES"""" VARIANT,
	""""NUMBER_CUSTOM_ATTRIBUTES"""" VARIANT,
	""""USER_ID"""" VARCHAR(16777216),
	""""DEVICE_ID"""" VARCHAR(16777216),
	""""SF_CREATED_AT"""" TIMESTAMP_LTZ,
	""""COUNTRY"""" VARCHAR(16777216),
	""""EXTERNAL_USER_ID"""" VARCHAR(16777216),
	""""FLOAT_CUSTOM_ATTRIBUTES"""" VARIANT,
	""""GENDER"""" VARCHAR(16777216),
	""""APP_GROUP_ID"""" VARCHAR(16777216),
	""""TIMEZONE"""" VARCHAR(16777216),
	""""ID"""" VARCHAR(16777216),
	""""BOOLEAN_CUSTOM_ATTRIBUTES"""" VARIANT,
	""""CAMPAIGN_ID"""" VARCHAR(16777216),
	""""CAMPAIGN_API_ID"""" VARCHAR(16777216),
	""""LANGUAGE"""" VARCHAR(16777216),
	""""APP_GROUP_API_ID"""" VARCHAR(16777216),
	""""DISPATCH_ID"""" VARCHAR(16777216)
);"
USERS_CAMPAIGNS_FREQUENCYCAP_VIEW,,"create or replace TABLE USERS_CAMPAIGNS_FREQUENCYCAP_VIEW (
	""""EXTERNAL_USER_ID"""" VARCHAR(16777216),
	""""MESSAGE_VARIATION_ID"""" VARCHAR(16777216),
	""""MESSAGE_VARIATION_API_ID"""" VARCHAR(16777216),
	""""BOOLEAN_CUSTOM_ATTRIBUTES"""" VARIANT,
	""""DEVICE_ID"""" VARCHAR(16777216),
	""""CAMPAIGN_API_ID"""" VARCHAR(16777216),
	""""COUNTRY"""" VARCHAR(16777216),
	""""ID"""" VARCHAR(16777216),
	""""GENDER"""" VARCHAR(16777216),
	""""NUMBER_CUSTOM_ATTRIBUTES"""" VARIANT,
	""""CAMPAIGN_ID"""" VARCHAR(16777216),
	""""TIME"""" NUMBER(38,0),
	""""FLOAT_CUSTOM_ATTRIBUTES"""" VARIANT,
	""""TIMEZONE"""" VARCHAR(16777216),
	""""STRING_CUSTOM_ATTRIBUTES"""" VARIANT,
	""""DISPATCH_ID"""" VARCHAR(16777216),
	""""LANGUAGE"""" VARCHAR(16777216),
	""""USER_ID"""" VARCHAR(16777216),
	""""SF_CREATED_AT"""" TIMESTAMP_LTZ,
	""""APP_GROUP_ID"""" VARCHAR(16777216),
	""""TIME_CUSTOM_ATTRIBUTES"""" VARIANT,
	""""SEND_ID"""" VARCHAR(16777216),
	""""APP_GROUP_API_ID"""" VARCHAR(16777216)
);"
USERS_CAMPAIGNS_REVENUE_VIEW,,"create or replace TABLE USERS_CAMPAIGNS_REVENUE_VIEW (
	""""DEVICE_ID"""" VARCHAR(16777216),
	""""SEND_ID"""" VARCHAR(16777216),
	""""GENDER"""" VARCHAR(16777216),
	""""CAMPAIGN_API_ID"""" VARCHAR(16777216),
	""""COUNTRY"""" VARCHAR(16777216),
	""""MESSAGE_VARIATION_ID"""" VARCHAR(16777216),
	""""EXTERNAL_USER_ID"""" VARCHAR(16777216),
	""""APP_GROUP_ID"""" VARCHAR(16777216),
	""""APP_GROUP_API_ID"""" VARCHAR(16777216),
	""""APP_API_ID"""" VARCHAR(16777216),
	""""REVENUE"""" NUMBER(38,0),
	""""ID"""" VARCHAR(16777216),
	""""MESSAGE_VARIATION_API_ID"""" VARCHAR(16777216),
	""""LANGUAGE"""" VARCHAR(16777216),
	""""SF_CREATED_AT"""" TIMESTAMP_LTZ,
	""""TIME"""" NUMBER(38,0),
	""""FLOAT_CUSTOM_ATTRIBUTES"""" VARIANT,
	""""STRING_CUSTOM_ATTRIBUTES"""" VARIANT,
	""""NUMBER_CUSTOM_ATTRIBUTES"""" VARIANT,
	""""DISPATCH_ID"""" VARCHAR(16777216),
	""""APP_ID"""" VARCHAR(16777216),
	""""TIMEZONE"""" VARCHAR(16777216),
	""""BOOLEAN_CUSTOM_ATTRIBUTES"""" VARIANT,
	""""USER_ID"""" VARCHAR(16777216),
	""""CAMPAIGN_ID"""" VARCHAR(16777216),
	""""TIME_CUSTOM_ATTRIBUTES"""" VARIANT
);"
USERS_CANVAS_CONVERSION_VIEW,,"create or replace TABLE USERS_CANVAS_CONVERSION_VIEW (
	""""APP_GROUP_API_ID"""" VARCHAR(16777216),
	""""EXTERNAL_USER_ID"""" VARCHAR(16777216),
	""""GENDER"""" VARCHAR(16777216),
	""""BOOLEAN_CUSTOM_ATTRIBUTES"""" VARIANT,
	""""CANVAS_STEP_API_ID"""" VARCHAR(16777216),
	""""DEVICE_ID"""" VARCHAR(16777216),
	""""CONVERSION_BEHAVIOR_INDEX"""" NUMBER(38,0),
	""""CANVAS_VARIATION_API_ID"""" VARCHAR(16777216),
	""""CANVAS_ID"""" VARCHAR(16777216),
	""""ID"""" VARCHAR(16777216),
	""""APP_ID"""" VARCHAR(16777216),
	""""CANVAS_API_ID"""" VARCHAR(16777216),
	""""TIME"""" NUMBER(38,0),
	""""CANVAS_VARIATION_ID"""" VARCHAR(16777216),
	""""NUMBER_CUSTOM_ATTRIBUTES"""" VARIANT,
	""""TIME_CUSTOM_ATTRIBUTES"""" VARIANT,
	""""CANVAS_STEP_ID"""" VARCHAR(16777216),
	""""LANGUAGE"""" VARCHAR(16777216),
	""""CANVAS_STEP_MESSAGE_VARIATION_API_ID"""" VARCHAR(16777216),
	""""SF_CREATED_AT"""" TIMESTAMP_LTZ,
	""""FLOAT_CUSTOM_ATTRIBUTES"""" VARIANT,
	""""TIMEZONE"""" VARCHAR(16777216),
	""""CANVAS_STEP_MESSAGE_VARIATION_ID"""" VARCHAR(16777216),
	""""USER_ID"""" VARCHAR(16777216),
	""""APP_API_ID"""" VARCHAR(16777216),
	""""APP_GROUP_ID"""" VARCHAR(16777216),
	""""COUNTRY"""" VARCHAR(16777216),
	""""STRING_CUSTOM_ATTRIBUTES"""" VARIANT
);"
USERS_CANVAS_ENTRY_VIEW,,"create or replace TABLE USERS_CANVAS_ENTRY_VIEW (
	""""TIME_CUSTOM_ATTRIBUTES"""" VARIANT,
	""""TIME"""" NUMBER(38,0),
	""""COUNTRY"""" VARCHAR(16777216),
	""""FLOAT_CUSTOM_ATTRIBUTES"""" VARIANT,
	""""ID"""" VARCHAR(16777216),
	""""SF_CREATED_AT"""" TIMESTAMP_LTZ,
	""""DEVICE_ID"""" VARCHAR(16777216),
	""""EXTERNAL_USER_ID"""" VARCHAR(16777216),
	""""APP_GROUP_API_ID"""" VARCHAR(16777216),
	""""NUMBER_CUSTOM_ATTRIBUTES"""" VARIANT,
	""""LANGUAGE"""" VARCHAR(16777216),
	""""CANVAS_STEP_ID"""" VARCHAR(16777216),
	""""IN_CONTROL_GROUP"""" BOOLEAN,
	""""CANVAS_VARIATION_API_ID"""" VARCHAR(16777216),
	""""CANVAS_VARIATION_ID"""" VARCHAR(16777216),
	""""CANVAS_ID"""" VARCHAR(16777216),
	""""STRING_CUSTOM_ATTRIBUTES"""" VARIANT,
	""""GENDER"""" VARCHAR(16777216),
	""""APP_GROUP_ID"""" VARCHAR(16777216),
	""""TIMEZONE"""" VARCHAR(16777216),
	""""CANVAS_STEP_API_ID"""" VARCHAR(16777216),
	""""BOOLEAN_CUSTOM_ATTRIBUTES"""" VARIANT,
	""""CANVAS_API_ID"""" VARCHAR(16777216),
	""""USER_ID"""" VARCHAR(16777216)
);"
USERS_CANVAS_FREQUENCYCAP_VIEW,,"create or replace TABLE USERS_CANVAS_FREQUENCYCAP_VIEW (
	""""USER_ID"""" VARCHAR(16777216),
	""""EXTERNAL_USER_ID"""" VARCHAR(16777216),
	""""CANVAS_STEP_MESSAGE_VARIATION_API_ID"""" VARCHAR(16777216),
	""""CANVAS_STEP_API_ID"""" VARCHAR(16777216),
	""""ID"""" VARCHAR(16777216),
	""""STRING_CUSTOM_ATTRIBUTES"""" VARIANT,
	""""TIMEZONE"""" VARCHAR(16777216),
	""""GENDER"""" VARCHAR(16777216),
	""""TIME_CUSTOM_ATTRIBUTES"""" VARIANT,
	""""CANVAS_ID"""" VARCHAR(16777216),
	""""CANVAS_VARIATION_ID"""" VARCHAR(16777216),
	""""CANVAS_STEP_ID"""" VARCHAR(16777216),
	""""BOOLEAN_CUSTOM_ATTRIBUTES"""" VARIANT,
	""""CANVAS_STEP_MESSAGE_VARIATION_ID"""" VARCHAR(16777216),
	""""SF_CREATED_AT"""" TIMESTAMP_LTZ,
	""""TIME"""" NUMBER(38,0),
	""""NUMBER_CUSTOM_ATTRIBUTES"""" VARIANT,
	""""CANVAS_VARIATION_API_ID"""" VARCHAR(16777216),
	""""DEVICE_ID"""" VARCHAR(16777216),
	""""COUNTRY"""" VARCHAR(16777216),
	""""CANVAS_API_ID"""" VARCHAR(16777216),
	""""APP_GROUP_ID"""" VARCHAR(16777216),
	""""FLOAT_CUSTOM_ATTRIBUTES"""" VARIANT,
	""""LANGUAGE"""" VARCHAR(16777216),
	""""APP_GROUP_API_ID"""" VARCHAR(16777216)
);"
USERS_CANVAS_REVENUE_VIEW,,"create or replace TABLE USERS_CANVAS_REVENUE_VIEW (
	""""CANVAS_API_ID"""" VARCHAR(16777216),
	""""CANVAS_STEP_MESSAGE_VARIATION_ID"""" VARCHAR(16777216),
	""""CANVAS_VARIATION_API_ID"""" VARCHAR(16777216),
	""""CANVAS_STEP_ID"""" VARCHAR(16777216),
	""""APP_GROUP_API_ID"""" VARCHAR(16777216),
	""""STRING_CUSTOM_ATTRIBUTES"""" VARIANT,
	""""CANVAS_STEP_API_ID"""" VARCHAR(16777216),
	""""REVENUE"""" NUMBER(38,0),
	""""CANVAS_ID"""" VARCHAR(16777216),
	""""TIME"""" NUMBER(38,0),
	""""FLOAT_CUSTOM_ATTRIBUTES"""" VARIANT,
	""""DEVICE_ID"""" VARCHAR(16777216),
	""""BOOLEAN_CUSTOM_ATTRIBUTES"""" VARIANT,
	""""APP_GROUP_ID"""" VARCHAR(16777216),
	""""GENDER"""" VARCHAR(16777216),
	""""COUNTRY"""" VARCHAR(16777216),
	""""ID"""" VARCHAR(16777216),
	""""TIMEZONE"""" VARCHAR(16777216),
	""""NUMBER_CUSTOM_ATTRIBUTES"""" VARIANT,
	""""CANVAS_STEP_MESSAGE_VARIATION_API_ID"""" VARCHAR(16777216),
	""""CANVAS_VARIATION_ID"""" VARCHAR(16777216),
	""""EXTERNAL_USER_ID"""" VARCHAR(16777216),
	""""LANGUAGE"""" VARCHAR(16777216),
	""""SF_CREATED_AT"""" TIMESTAMP_LTZ,
	""""USER_ID"""" VARCHAR(16777216),
	""""TIME_CUSTOM_ATTRIBUTES"""" VARIANT,
	""""APP_ID"""" VARCHAR(16777216),
	""""APP_API_ID"""" VARCHAR(16777216)
);"
USERS_MESSAGES_CONTENTCARD_CLICK_VIEW,,"create or replace TABLE USERS_MESSAGES_CONTENTCARD_CLICK_VIEW (
	""""CANVAS_ID"""" VARCHAR(16777216),
	""""DEVICE_MODEL"""" VARCHAR(16777216),
	""""MESSAGE_VARIATION_ID"""" VARCHAR(16777216),
	""""RESOLUTION"""" VARCHAR(16777216),
	""""SEND_ID"""" VARCHAR(16777216),
	""""BROWSER"""" VARCHAR(16777216),
	""""TIME"""" NUMBER(38,0),
	""""GENDER"""" VARCHAR(16777216),
	""""CARRIER"""" VARCHAR(16777216),
	""""PLATFORM"""" VARCHAR(16777216),
	""""OS_VERSION"""" VARCHAR(16777216),
	""""CANVAS_STEP_ID"""" VARCHAR(16777216),
	""""CONTENT_CARD_ID"""" VARCHAR(16777216),
	""""AD_TRACKING_ENABLED"""" BOOLEAN,
	""""CANVAS_STEP_MESSAGE_VARIATION_ID"""" VARCHAR(16777216),
	""""CANVAS_VARIATION_API_ID"""" VARCHAR(16777216),
	""""APP_ID"""" VARCHAR(16777216),
	""""MESSAGE_VARIATION_API_ID"""" VARCHAR(16777216),
	""""SF_CREATED_AT"""" TIMESTAMP_LTZ,
	""""LANGUAGE"""" VARCHAR(16777216),
	""""DEVICE_ID"""" VARCHAR(16777216),
	""""CANVAS_STEP_API_ID"""" VARCHAR(16777216),
	""""APP_GROUP_ID"""" VARCHAR(16777216),
	""""AD_ID_TYPE"""" VARCHAR(16777216),
	""""CAMPAIGN_API_ID"""" VARCHAR(16777216),
	""""COUNTRY"""" VARCHAR(16777216),
	""""APP_API_ID"""" VARCHAR(16777216),
	""""CANVAS_STEP_MESSAGE_VARIATION_API_ID"""" VARCHAR(16777216),
	""""CANVAS_VARIATION_ID"""" VARCHAR(16777216),
	""""ID"""" VARCHAR(16777216),
	""""TIMEZONE"""" VARCHAR(16777216),
	""""USER_ID"""" VARCHAR(16777216),
	""""EXTERNAL_USER_ID"""" VARCHAR(16777216),
	""""SDK_VERSION"""" VARCHAR(16777216),
	""""APP_GROUP_API_ID"""" VARCHAR(16777216),
	""""CAMPAIGN_ID"""" VARCHAR(16777216),
	""""STRING_CUSTOM_ATTRIBUTES"""" VARIANT,
	""""DISPATCH_ID"""" VARCHAR(16777216),
	""""NUMBER_CUSTOM_ATTRIBUTES"""" VARIANT,
	""""CANVAS_API_ID"""" VARCHAR(16777216),
	""""AD_ID"""" VARCHAR(16777216),
	""""FLOAT_CUSTOM_ATTRIBUTES"""" VARIANT,
	""""BOOLEAN_CUSTOM_ATTRIBUTES"""" VARIANT,
	""""TIME_CUSTOM_ATTRIBUTES"""" VARIANT
);"
USERS_MESSAGES_CONTENTCARD_DISMISS_VIEW,,"create or replace TABLE USERS_MESSAGES_CONTENTCARD_DISMISS_VIEW (
	""""CANVAS_VARIATION_API_ID"""" VARCHAR(16777216),
	""""MESSAGE_VARIATION_API_ID"""" VARCHAR(16777216),
	""""PLATFORM"""" VARCHAR(16777216),
	""""DEVICE_MODEL"""" VARCHAR(16777216),
	""""AD_ID_TYPE"""" VARCHAR(16777216),
	""""MESSAGE_VARIATION_ID"""" VARCHAR(16777216),
	""""NUMBER_CUSTOM_ATTRIBUTES"""" VARIANT,
	""""CANVAS_STEP_ID"""" VARCHAR(16777216),
	""""TIME"""" NUMBER(38,0),
	""""APP_ID"""" VARCHAR(16777216),
	""""COUNTRY"""" VARCHAR(16777216),
	""""SDK_VERSION"""" VARCHAR(16777216),
	""""USER_ID"""" VARCHAR(16777216),
	""""CONTENT_CARD_ID"""" VARCHAR(16777216),
	""""DEVICE_ID"""" VARCHAR(16777216),
	""""CANVAS_VARIATION_ID"""" VARCHAR(16777216),
	""""TIMEZONE"""" VARCHAR(16777216),
	""""APP_GROUP_ID"""" VARCHAR(16777216),
	""""CAMPAIGN_ID"""" VARCHAR(16777216),
	""""DISPATCH_ID"""" VARCHAR(16777216),
	""""APP_API_ID"""" VARCHAR(16777216),
	""""RESOLUTION"""" VARCHAR(16777216),
	""""APP_GROUP_API_ID"""" VARCHAR(16777216),
	""""BOOLEAN_CUSTOM_ATTRIBUTES"""" VARIANT,
	""""CANVAS_STEP_MESSAGE_VARIATION_ID"""" VARCHAR(16777216),
	""""CANVAS_STEP_MESSAGE_VARIATION_API_ID"""" VARCHAR(16777216),
	""""FLOAT_CUSTOM_ATTRIBUTES"""" VARIANT,
	""""AD_ID"""" VARCHAR(16777216),
	""""ID"""" VARCHAR(16777216),
	""""CARRIER"""" VARCHAR(16777216),
	""""EXTERNAL_USER_ID"""" VARCHAR(16777216),
	""""TIME_CUSTOM_ATTRIBUTES"""" VARIANT,
	""""OS_VERSION"""" VARCHAR(16777216),
	""""CANVAS_STEP_API_ID"""" VARCHAR(16777216),
	""""LANGUAGE"""" VARCHAR(16777216),
	""""SF_CREATED_AT"""" TIMESTAMP_LTZ,
	""""CANVAS_ID"""" VARCHAR(16777216),
	""""CANVAS_API_ID"""" VARCHAR(16777216),
	""""GENDER"""" VARCHAR(16777216),
	""""SEND_ID"""" VARCHAR(16777216),
	""""STRING_CUSTOM_ATTRIBUTES"""" VARIANT,
	""""AD_TRACKING_ENABLED"""" BOOLEAN,
	""""CAMPAIGN_API_ID"""" VARCHAR(16777216),
	""""BROWSER"""" VARCHAR(16777216)
);"
USERS_MESSAGES_CONTENTCARD_IMPRESSION_VIEW,,"create or replace TABLE USERS_MESSAGES_CONTENTCARD_IMPRESSION_VIEW (
	""""APP_API_ID"""" VARCHAR(16777216),
	""""CANVAS_ID"""" VARCHAR(16777216),
	""""SEND_ID"""" VARCHAR(16777216),
	""""ID"""" VARCHAR(16777216),
	""""LANGUAGE"""" VARCHAR(16777216),
	""""USER_ID"""" VARCHAR(16777216),
	""""DISPATCH_ID"""" VARCHAR(16777216),
	""""BROWSER"""" VARCHAR(16777216),
	""""AD_TRACKING_ENABLED"""" BOOLEAN,
	""""AD_ID"""" VARCHAR(16777216),
	""""MESSAGE_VARIATION_ID"""" VARCHAR(16777216),
	""""TIME_CUSTOM_ATTRIBUTES"""" VARIANT,
	""""AD_ID_TYPE"""" VARCHAR(16777216),
	""""APP_ID"""" VARCHAR(16777216),
	""""NUMBER_CUSTOM_ATTRIBUTES"""" VARIANT,
	""""CANVAS_STEP_API_ID"""" VARCHAR(16777216),
	""""RESOLUTION"""" VARCHAR(16777216),
	""""CANVAS_STEP_MESSAGE_VARIATION_ID"""" VARCHAR(16777216),
	""""DEVICE_MODEL"""" VARCHAR(16777216),
	""""PLATFORM"""" VARCHAR(16777216),
	""""CARRIER"""" VARCHAR(16777216),
	""""EXTERNAL_USER_ID"""" VARCHAR(16777216),
	""""CANVAS_STEP_MESSAGE_VARIATION_API_ID"""" VARCHAR(16777216),
	""""CANVAS_STEP_ID"""" VARCHAR(16777216),
	""""TIME"""" NUMBER(38,0),
	""""MESSAGE_VARIATION_API_ID"""" VARCHAR(16777216),
	""""CANVAS_API_ID"""" VARCHAR(16777216),
	""""CAMPAIGN_ID"""" VARCHAR(16777216),
	""""APP_GROUP_ID"""" VARCHAR(16777216),
	""""CANVAS_VARIATION_ID"""" VARCHAR(16777216),
	""""SF_CREATED_AT"""" TIMESTAMP_LTZ,
	""""DEVICE_ID"""" VARCHAR(16777216),
	""""CANVAS_VARIATION_API_ID"""" VARCHAR(16777216),
	""""FLOAT_CUSTOM_ATTRIBUTES"""" VARIANT,
	""""COUNTRY"""" VARCHAR(16777216),
	""""CONTENT_CARD_ID"""" VARCHAR(16777216),
	""""OS_VERSION"""" VARCHAR(16777216),
	""""BOOLEAN_CUSTOM_ATTRIBUTES"""" VARIANT,
	""""TIMEZONE"""" VARCHAR(16777216),
	""""APP_GROUP_API_ID"""" VARCHAR(16777216),
	""""SDK_VERSION"""" VARCHAR(16777216),
	""""STRING_CUSTOM_ATTRIBUTES"""" VARIANT,
	""""GENDER"""" VARCHAR(16777216),
	""""CAMPAIGN_API_ID"""" VARCHAR(16777216)
);"
USERS_MESSAGES_CONTENTCARD_SEND_VIEW,,"create or replace TABLE USERS_MESSAGES_CONTENTCARD_SEND_VIEW (
	""""TIMEZONE"""" VARCHAR(16777216),
	""""TIME"""" NUMBER(38,0),
	""""GENDER"""" VARCHAR(16777216),
	""""CAMPAIGN_API_ID"""" VARCHAR(16777216),
	""""EXTERNAL_USER_ID"""" VARCHAR(16777216),
	""""USER_ID"""" VARCHAR(16777216),
	""""BOOLEAN_CUSTOM_ATTRIBUTES"""" VARIANT,
	""""MESSAGE_VARIATION_API_ID"""" VARCHAR(16777216),
	""""FLOAT_CUSTOM_ATTRIBUTES"""" VARIANT,
	""""MESSAGE_VARIATION_ID"""" VARCHAR(16777216),
	""""CANVAS_VARIATION_API_ID"""" VARCHAR(16777216),
	""""LANGUAGE"""" VARCHAR(16777216),
	""""APP_GROUP_ID"""" VARCHAR(16777216),
	""""DEVICE_ID"""" VARCHAR(16777216),
	""""CANVAS_STEP_ID"""" VARCHAR(16777216),
	""""CANVAS_STEP_MESSAGE_VARIATION_ID"""" VARCHAR(16777216),
	""""COUNTRY"""" VARCHAR(16777216),
	""""ID"""" VARCHAR(16777216),
	""""TIME_CUSTOM_ATTRIBUTES"""" VARIANT,
	""""DISPATCH_ID"""" VARCHAR(16777216),
	""""CANVAS_VARIATION_ID"""" VARCHAR(16777216),
	""""SF_CREATED_AT"""" TIMESTAMP_LTZ,
	""""SEND_ID"""" VARCHAR(16777216),
	""""CANVAS_STEP_API_ID"""" VARCHAR(16777216),
	""""CONTENT_CARD_ID"""" VARCHAR(16777216),
	""""CANVAS_API_ID"""" VARCHAR(16777216),
	""""CANVAS_ID"""" VARCHAR(16777216),
	""""NUMBER_CUSTOM_ATTRIBUTES"""" VARIANT,
	""""APP_GROUP_API_ID"""" VARCHAR(16777216),
	""""CANVAS_STEP_MESSAGE_VARIATION_API_ID"""" VARCHAR(16777216),
	""""STRING_CUSTOM_ATTRIBUTES"""" VARIANT,
	""""CAMPAIGN_ID"""" VARCHAR(16777216)
);"
USERS_MESSAGES_EMAIL_BOUNCE_VIEW,,"create or replace TABLE USERS_MESSAGES_EMAIL_BOUNCE_VIEW (
	""""APP_GROUP_ID"""" VARCHAR(16777216),
	""""GENDER"""" VARCHAR(16777216),
	""""SF_CREATED_AT"""" TIMESTAMP_LTZ,
	""""BOOLEAN_CUSTOM_ATTRIBUTES"""" VARIANT,
	""""BOUNCE_REASON"""" VARCHAR(16777216),
	""""CANVAS_API_ID"""" VARCHAR(16777216),
	""""ID"""" VARCHAR(16777216),
	""""DISPATCH_ID"""" VARCHAR(16777216),
	""""SEND_ID"""" VARCHAR(16777216),
	""""SENDING_IP"""" VARCHAR(16777216),
	""""COUNTRY"""" VARCHAR(16777216),
	""""TIME_CUSTOM_ATTRIBUTES"""" VARIANT,
	""""IP_POOL"""" VARCHAR(16777216),
	""""CANVAS_STEP_ID"""" VARCHAR(16777216),
	""""CANVAS_STEP_API_ID"""" VARCHAR(16777216),
	""""CAMPAIGN_ID"""" VARCHAR(16777216),
	""""USER_ID"""" VARCHAR(16777216),
	""""CAMPAIGN_API_ID"""" VARCHAR(16777216),
	""""CANVAS_ID"""" VARCHAR(16777216),
	""""CANVAS_VARIATION_ID"""" VARCHAR(16777216),
	""""DEVICE_ID"""" VARCHAR(16777216),
	""""STRING_CUSTOM_ATTRIBUTES"""" VARIANT,
	""""MESSAGE_VARIATION_API_ID"""" VARCHAR(16777216),
	""""EMAIL_ADDRESS"""" VARCHAR(16777216),
	""""EXTERNAL_USER_ID"""" VARCHAR(16777216),
	""""TIMEZONE"""" VARCHAR(16777216),
	""""CANVAS_VARIATION_API_ID"""" VARCHAR(16777216),
	""""APP_GROUP_API_ID"""" VARCHAR(16777216),
	""""LANGUAGE"""" VARCHAR(16777216),
	""""NUMBER_CUSTOM_ATTRIBUTES"""" VARIANT,
	""""FLOAT_CUSTOM_ATTRIBUTES"""" VARIANT,
	""""CANVAS_STEP_MESSAGE_VARIATION_API_ID"""" VARCHAR(16777216),
	""""MESSAGE_VARIATION_ID"""" VARCHAR(16777216),
	""""CANVAS_STEP_MESSAGE_VARIATION_ID"""" VARCHAR(16777216),
	""""TIME"""" NUMBER(38,0)
);"
USERS_MESSAGES_EMAIL_CLICK_VIEW,,"create or replace TABLE USERS_MESSAGES_EMAIL_CLICK_VIEW (
	""""CANVAS_STEP_API_ID"""" VARCHAR(16777216),
	""""COUNTRY"""" VARCHAR(16777216),
	""""IP_POOL"""" VARCHAR(16777216),
	""""DISPATCH_ID"""" VARCHAR(16777216),
	""""CANVAS_VARIATION_API_ID"""" VARCHAR(16777216),
	""""CANVAS_STEP_ID"""" VARCHAR(16777216),
	""""USER_AGENT"""" VARCHAR(16777216),
	""""GENDER"""" VARCHAR(16777216),
	""""CAMPAIGN_API_ID"""" VARCHAR(16777216),
	""""FLOAT_CUSTOM_ATTRIBUTES"""" VARIANT,
	""""CANVAS_STEP_MESSAGE_VARIATION_ID"""" VARCHAR(16777216),
	""""APP_GROUP_API_ID"""" VARCHAR(16777216),
	""""LANGUAGE"""" VARCHAR(16777216),
	""""LINK_ALIAS"""" VARCHAR(16777216),
	""""ID"""" VARCHAR(16777216),
	""""LINK_ID"""" VARCHAR(16777216),
	""""TIMEZONE"""" VARCHAR(16777216),
	""""MESSAGE_VARIATION_API_ID"""" VARCHAR(16777216),
	""""CANVAS_API_ID"""" VARCHAR(16777216),
	""""DEVICE_ID"""" VARCHAR(16777216),
	""""TIME_CUSTOM_ATTRIBUTES"""" VARIANT,
	""""SF_CREATED_AT"""" TIMESTAMP_LTZ,
	""""MESSAGE_VARIATION_ID"""" VARCHAR(16777216),
	""""USER_ID"""" VARCHAR(16777216),
	""""TIME"""" NUMBER(38,0),
	""""CANVAS_STEP_MESSAGE_VARIATION_API_ID"""" VARCHAR(16777216),
	""""APP_GROUP_ID"""" VARCHAR(16777216),
	""""URL"""" VARCHAR(16777216),
	""""CAMPAIGN_ID"""" VARCHAR(16777216),
	""""CANVAS_VARIATION_ID"""" VARCHAR(16777216),
	""""SEND_ID"""" VARCHAR(16777216),
	""""CANVAS_ID"""" VARCHAR(16777216),
	""""EMAIL_ADDRESS"""" VARCHAR(16777216),
	""""EXTERNAL_USER_ID"""" VARCHAR(16777216),
	""""NUMBER_CUSTOM_ATTRIBUTES"""" VARIANT,
	""""BOOLEAN_CUSTOM_ATTRIBUTES"""" VARIANT,
	""""STRING_CUSTOM_ATTRIBUTES"""" VARIANT
);"
USERS_MESSAGES_EMAIL_DELIVERY_VIEW,,"create or replace TABLE USERS_MESSAGES_EMAIL_DELIVERY_VIEW (
	""""CAMPAIGN_ID"""" VARCHAR(16777216),
	""""NUMBER_CUSTOM_ATTRIBUTES"""" VARIANT,
	""""DEVICE_ID"""" VARCHAR(16777216),
	""""TIME"""" NUMBER(38,0),
	""""CANVAS_API_ID"""" VARCHAR(16777216),
	""""IP_POOL"""" VARCHAR(16777216),
	""""LANGUAGE"""" VARCHAR(16777216),
	""""APP_GROUP_API_ID"""" VARCHAR(16777216),
	""""CANVAS_STEP_API_ID"""" VARCHAR(16777216),
	""""CANVAS_STEP_MESSAGE_VARIATION_API_ID"""" VARCHAR(16777216),
	""""CAMPAIGN_API_ID"""" VARCHAR(16777216),
	""""GENDER"""" VARCHAR(16777216),
	""""APP_GROUP_ID"""" VARCHAR(16777216),
	""""CANVAS_STEP_MESSAGE_VARIATION_ID"""" VARCHAR(16777216),
	""""SF_CREATED_AT"""" TIMESTAMP_LTZ,
	""""CANVAS_STEP_ID"""" VARCHAR(16777216),
	""""EXTERNAL_USER_ID"""" VARCHAR(16777216),
	""""EMAIL_ADDRESS"""" VARCHAR(16777216),
	""""STRING_CUSTOM_ATTRIBUTES"""" VARIANT,
	""""TIME_CUSTOM_ATTRIBUTES"""" VARIANT,
	""""FLOAT_CUSTOM_ATTRIBUTES"""" VARIANT,
	""""BOOLEAN_CUSTOM_ATTRIBUTES"""" VARIANT,
	""""TIMEZONE"""" VARCHAR(16777216),
	""""SENDING_IP"""" VARCHAR(16777216),
	""""MESSAGE_VARIATION_API_ID"""" VARCHAR(16777216),
	""""USER_ID"""" VARCHAR(16777216),
	""""ID"""" VARCHAR(16777216),
	""""SEND_ID"""" VARCHAR(16777216),
	""""CANVAS_ID"""" VARCHAR(16777216),
	""""DISPATCH_ID"""" VARCHAR(16777216),
	""""CANVAS_VARIATION_ID"""" VARCHAR(16777216),
	""""CANVAS_VARIATION_API_ID"""" VARCHAR(16777216),
	""""MESSAGE_VARIATION_ID"""" VARCHAR(16777216),
	""""COUNTRY"""" VARCHAR(16777216)
);"
USERS_MESSAGES_EMAIL_MARKASSPAM_VIEW,,"create or replace TABLE USERS_MESSAGES_EMAIL_MARKASSPAM_VIEW (
	""""GENDER"""" VARCHAR(16777216),
	""""CANVAS_VARIATION_API_ID"""" VARCHAR(16777216),
	""""MESSAGE_VARIATION_API_ID"""" VARCHAR(16777216),
	""""CANVAS_VARIATION_ID"""" VARCHAR(16777216),
	""""CANVAS_ID"""" VARCHAR(16777216),
	""""SEND_ID"""" VARCHAR(16777216),
	""""CANVAS_STEP_MESSAGE_VARIATION_ID"""" VARCHAR(16777216),
	""""CANVAS_STEP_MESSAGE_VARIATION_API_ID"""" VARCHAR(16777216),
	""""SF_CREATED_AT"""" TIMESTAMP_LTZ,
	""""APP_GROUP_API_ID"""" VARCHAR(16777216),
	""""CANVAS_STEP_ID"""" VARCHAR(16777216),
	""""MESSAGE_VARIATION_ID"""" VARCHAR(16777216),
	""""TIME"""" NUMBER(38,0),
	""""DEVICE_ID"""" VARCHAR(16777216),
	""""CAMPAIGN_API_ID"""" VARCHAR(16777216),
	""""LANGUAGE"""" VARCHAR(16777216),
	""""CANVAS_API_ID"""" VARCHAR(16777216),
	""""FLOAT_CUSTOM_ATTRIBUTES"""" VARIANT,
	""""DISPATCH_ID"""" VARCHAR(16777216),
	""""TIME_CUSTOM_ATTRIBUTES"""" VARIANT,
	""""APP_GROUP_ID"""" VARCHAR(16777216),
	""""ID"""" VARCHAR(16777216),
	""""TIMEZONE"""" VARCHAR(16777216),
	""""CAMPAIGN_ID"""" VARCHAR(16777216),
	""""CANVAS_STEP_API_ID"""" VARCHAR(16777216),
	""""USER_ID"""" VARCHAR(16777216),
	""""STRING_CUSTOM_ATTRIBUTES"""" VARIANT,
	""""BOOLEAN_CUSTOM_ATTRIBUTES"""" VARIANT,
	""""EXTERNAL_USER_ID"""" VARCHAR(16777216),
	""""NUMBER_CUSTOM_ATTRIBUTES"""" VARIANT,
	""""EMAIL_ADDRESS"""" VARCHAR(16777216),
	""""USER_AGENT"""" VARCHAR(16777216),
	""""IP_POOL"""" VARCHAR(16777216),
	""""COUNTRY"""" VARCHAR(16777216)
);"
USERS_MESSAGES_EMAIL_OPEN_VIEW,,"create or replace TABLE USERS_MESSAGES_EMAIL_OPEN_VIEW (
	""""FLOAT_CUSTOM_ATTRIBUTES"""" VARIANT,
	""""CAMPAIGN_ID"""" VARCHAR(16777216),
	""""CAMPAIGN_API_ID"""" VARCHAR(16777216),
	""""COUNTRY"""" VARCHAR(16777216),
	""""EMAIL_ADDRESS"""" VARCHAR(16777216),
	""""SEND_ID"""" VARCHAR(16777216),
	""""CANVAS_STEP_MESSAGE_VARIATION_ID"""" VARCHAR(16777216),
	""""LANGUAGE"""" VARCHAR(16777216),
	""""TIME"""" NUMBER(38,0),
	""""BOOLEAN_CUSTOM_ATTRIBUTES"""" VARIANT,
	""""EXTERNAL_USER_ID"""" VARCHAR(16777216),
	""""GENDER"""" VARCHAR(16777216),
	""""NUMBER_CUSTOM_ATTRIBUTES"""" VARIANT,
	""""MESSAGE_VARIATION_ID"""" VARCHAR(16777216),
	""""DISPATCH_ID"""" VARCHAR(16777216),
	""""CANVAS_STEP_API_ID"""" VARCHAR(16777216),
	""""ID"""" VARCHAR(16777216),
	""""APP_GROUP_ID"""" VARCHAR(16777216),
	""""DEVICE_ID"""" VARCHAR(16777216),
	""""CANVAS_ID"""" VARCHAR(16777216),
	""""APP_GROUP_API_ID"""" VARCHAR(16777216),
	""""CANVAS_VARIATION_API_ID"""" VARCHAR(16777216),
	""""STRING_CUSTOM_ATTRIBUTES"""" VARIANT,
	""""IP_POOL"""" VARCHAR(16777216),
	""""MESSAGE_VARIATION_API_ID"""" VARCHAR(16777216),
	""""CANVAS_STEP_MESSAGE_VARIATION_API_ID"""" VARCHAR(16777216),
	""""CANVAS_STEP_ID"""" VARCHAR(16777216),
	""""CANVAS_API_ID"""" VARCHAR(16777216),
	""""USER_AGENT"""" VARCHAR(16777216),
	""""SF_CREATED_AT"""" TIMESTAMP_LTZ,
	""""TIME_CUSTOM_ATTRIBUTES"""" VARIANT,
	""""CANVAS_VARIATION_ID"""" VARCHAR(16777216),
	""""TIMEZONE"""" VARCHAR(16777216),
	""""USER_ID"""" VARCHAR(16777216)
);"
USERS_MESSAGES_EMAIL_SEND_VIEW,,"create or replace TABLE USERS_MESSAGES_EMAIL_SEND_VIEW (
	""""NUMBER_CUSTOM_ATTRIBUTES"""" VARIANT,
	""""CANVAS_VARIATION_API_ID"""" VARCHAR(16777216),
	""""SEND_ID"""" VARCHAR(16777216),
	""""STRING_CUSTOM_ATTRIBUTES"""" VARIANT,
	""""COUNTRY"""" VARCHAR(16777216),
	""""DISPATCH_ID"""" VARCHAR(16777216),
	""""LANGUAGE"""" VARCHAR(16777216),
	""""USER_ID"""" VARCHAR(16777216),
	""""BOOLEAN_CUSTOM_ATTRIBUTES"""" VARIANT,
	""""CANVAS_STEP_MESSAGE_VARIATION_ID"""" VARCHAR(16777216),
	""""CANVAS_STEP_ID"""" VARCHAR(16777216),
	""""CAMPAIGN_ID"""" VARCHAR(16777216),
	""""CANVAS_STEP_MESSAGE_VARIATION_API_ID"""" VARCHAR(16777216),
	""""EXTERNAL_USER_ID"""" VARCHAR(16777216),
	""""TIMEZONE"""" VARCHAR(16777216),
	""""CANVAS_STEP_API_ID"""" VARCHAR(16777216),
	""""CANVAS_VARIATION_ID"""" VARCHAR(16777216),
	""""SF_CREATED_AT"""" TIMESTAMP_LTZ,
	""""IP_POOL"""" VARCHAR(16777216),
	""""CAMPAIGN_API_ID"""" VARCHAR(16777216),
	""""CANVAS_API_ID"""" VARCHAR(16777216),
	""""TIME"""" NUMBER(38,0),
	""""DEVICE_ID"""" VARCHAR(16777216),
	""""CANVAS_ID"""" VARCHAR(16777216),
	""""EMAIL_ADDRESS"""" VARCHAR(16777216),
	""""APP_GROUP_ID"""" VARCHAR(16777216),
	""""ID"""" VARCHAR(16777216),
	""""MESSAGE_VARIATION_API_ID"""" VARCHAR(16777216),
	""""FLOAT_CUSTOM_ATTRIBUTES"""" VARIANT,
	""""APP_GROUP_API_ID"""" VARCHAR(16777216),
	""""GENDER"""" VARCHAR(16777216),
	""""MESSAGE_VARIATION_ID"""" VARCHAR(16777216),
	""""TIME_CUSTOM_ATTRIBUTES"""" VARIANT
);"
USERS_MESSAGES_EMAIL_SOFTBOUNCE_VIEW,,"create or replace TABLE USERS_MESSAGES_EMAIL_SOFTBOUNCE_VIEW (
	""""SEND_ID"""" VARCHAR(16777216),
	""""COUNTRY"""" VARCHAR(16777216),
	""""EXTERNAL_USER_ID"""" VARCHAR(16777216),
	""""LANGUAGE"""" VARCHAR(16777216),
	""""CANVAS_VARIATION_API_ID"""" VARCHAR(16777216),
	""""FLOAT_CUSTOM_ATTRIBUTES"""" VARIANT,
	""""NUMBER_CUSTOM_ATTRIBUTES"""" VARIANT,
	""""DEVICE_ID"""" VARCHAR(16777216),
	""""USER_ID"""" VARCHAR(16777216),
	""""APP_GROUP_API_ID"""" VARCHAR(16777216),
	""""TIME"""" NUMBER(38,0),
	""""CANVAS_STEP_MESSAGE_VARIATION_ID"""" VARCHAR(16777216),
	""""DISPATCH_ID"""" VARCHAR(16777216),
	""""CANVAS_STEP_API_ID"""" VARCHAR(16777216),
	""""CANVAS_STEP_ID"""" VARCHAR(16777216),
	""""SF_CREATED_AT"""" TIMESTAMP_LTZ,
	""""MESSAGE_VARIATION_API_ID"""" VARCHAR(16777216),
	""""MESSAGE_VARIATION_ID"""" VARCHAR(16777216),
	""""BOOLEAN_CUSTOM_ATTRIBUTES"""" VARIANT,
	""""CAMPAIGN_API_ID"""" VARCHAR(16777216),
	""""APP_GROUP_ID"""" VARCHAR(16777216),
	""""TIME_CUSTOM_ATTRIBUTES"""" VARIANT,
	""""EMAIL_ADDRESS"""" VARCHAR(16777216),
	""""CANVAS_ID"""" VARCHAR(16777216),
	""""CANVAS_API_ID"""" VARCHAR(16777216),
	""""CANVAS_STEP_MESSAGE_VARIATION_API_ID"""" VARCHAR(16777216),
	""""TIMEZONE"""" VARCHAR(16777216),
	""""CAMPAIGN_ID"""" VARCHAR(16777216),
	""""CANVAS_VARIATION_ID"""" VARCHAR(16777216),
	""""ID"""" VARCHAR(16777216),
	""""SENDING_IP"""" VARCHAR(16777216),
	""""BOUNCE_REASON"""" VARCHAR(16777216),
	""""STRING_CUSTOM_ATTRIBUTES"""" VARIANT,
	""""IP_POOL"""" VARCHAR(16777216),
	""""GENDER"""" VARCHAR(16777216)
);"
USERS_MESSAGES_EMAIL_UNSUBSCRIBE_VIEW,,"create or replace TABLE USERS_MESSAGES_EMAIL_UNSUBSCRIBE_VIEW (
	""""CANVAS_STEP_API_ID"""" VARCHAR(16777216),
	""""STRING_CUSTOM_ATTRIBUTES"""" VARIANT,
	""""IP_POOL"""" VARCHAR(16777216),
	""""NUMBER_CUSTOM_ATTRIBUTES"""" VARIANT,
	""""EMAIL_ADDRESS"""" VARCHAR(16777216),
	""""GENDER"""" VARCHAR(16777216),
	""""FLOAT_CUSTOM_ATTRIBUTES"""" VARIANT,
	""""TIME_CUSTOM_ATTRIBUTES"""" VARIANT,
	""""SEND_ID"""" VARCHAR(16777216),
	""""CANVAS_VARIATION_ID"""" VARCHAR(16777216),
	""""DISPATCH_ID"""" VARCHAR(16777216),
	""""CANVAS_VARIATION_API_ID"""" VARCHAR(16777216),
	""""LANGUAGE"""" VARCHAR(16777216),
	""""CAMPAIGN_ID"""" VARCHAR(16777216),
	""""APP_GROUP_ID"""" VARCHAR(16777216),
	""""COUNTRY"""" VARCHAR(16777216),
	""""DEVICE_ID"""" VARCHAR(16777216),
	""""TIMEZONE"""" VARCHAR(16777216),
	""""EXTERNAL_USER_ID"""" VARCHAR(16777216),
	""""CANVAS_STEP_MESSAGE_VARIATION_ID"""" VARCHAR(16777216),
	""""CANVAS_STEP_MESSAGE_VARIATION_API_ID"""" VARCHAR(16777216),
	""""SF_CREATED_AT"""" TIMESTAMP_LTZ,
	""""MESSAGE_VARIATION_ID"""" VARCHAR(16777216),
	""""USER_ID"""" VARCHAR(16777216),
	""""BOOLEAN_CUSTOM_ATTRIBUTES"""" VARIANT,
	""""CANVAS_STEP_ID"""" VARCHAR(16777216),
	""""CAMPAIGN_API_ID"""" VARCHAR(16777216),
	""""APP_GROUP_API_ID"""" VARCHAR(16777216),
	""""CANVAS_ID"""" VARCHAR(16777216),
	""""MESSAGE_VARIATION_API_ID"""" VARCHAR(16777216),
	""""TIME"""" NUMBER(38,0),
	""""CANVAS_API_ID"""" VARCHAR(16777216),
	""""ID"""" VARCHAR(16777216)
);"
USERS_MESSAGES_INAPPMESSAGE_CLICK_VIEW,,"create or replace TABLE USERS_MESSAGES_INAPPMESSAGE_CLICK_VIEW (
	""""FLOAT_CUSTOM_ATTRIBUTES"""" VARIANT,
	""""GENDER"""" VARCHAR(16777216),
	""""MESSAGE_VARIATION_API_ID"""" VARCHAR(16777216),
	""""STRING_CUSTOM_ATTRIBUTES"""" VARIANT,
	""""AD_ID"""" VARCHAR(16777216),
	""""CARRIER"""" VARCHAR(16777216),
	""""LANGUAGE"""" VARCHAR(16777216),
	""""APP_GROUP_ID"""" VARCHAR(16777216),
	""""CARD_API_ID"""" VARCHAR(16777216),
	""""DISPATCH_ID"""" VARCHAR(16777216),
	""""CAMPAIGN_API_ID"""" VARCHAR(16777216),
	""""CANVAS_VARIATION_ID"""" VARCHAR(16777216),
	""""APP_ID"""" VARCHAR(16777216),
	""""CANVAS_STEP_ID"""" VARCHAR(16777216),
	""""SDK_VERSION"""" VARCHAR(16777216),
	""""MESSAGE_VARIATION_ID"""" VARCHAR(16777216),
	""""ID"""" VARCHAR(16777216),
	""""AD_ID_TYPE"""" VARCHAR(16777216),
	""""SF_CREATED_AT"""" TIMESTAMP_LTZ,
	""""CANVAS_ID"""" VARCHAR(16777216),
	""""TIME"""" NUMBER(38,0),
	""""CANVAS_STEP_API_ID"""" VARCHAR(16777216),
	""""CANVAS_STEP_MESSAGE_VARIATION_ID"""" VARCHAR(16777216),
	""""USER_ID"""" VARCHAR(16777216),
	""""CANVAS_VARIATION_API_ID"""" VARCHAR(16777216),
	""""AD_TRACKING_ENABLED"""" BOOLEAN,
	""""APP_GROUP_API_ID"""" VARCHAR(16777216),
	""""OS_VERSION"""" VARCHAR(16777216),
	""""BUTTON_ID"""" VARCHAR(16777216),
	""""DEVICE_ID"""" VARCHAR(16777216),
	""""PLATFORM"""" VARCHAR(16777216),
	""""TIME_CUSTOM_ATTRIBUTES"""" VARIANT,
	""""CAMPAIGN_ID"""" VARCHAR(16777216),
	""""TIMEZONE"""" VARCHAR(16777216),
	""""NUMBER_CUSTOM_ATTRIBUTES"""" VARIANT,
	""""DEVICE_MODEL"""" VARCHAR(16777216),
	""""APP_API_ID"""" VARCHAR(16777216),
	""""CARD_ID"""" VARCHAR(16777216),
	""""CANVAS_API_ID"""" VARCHAR(16777216),
	""""BROWSER"""" VARCHAR(16777216),
	""""VERSION"""" VARCHAR(16777216),
	""""RESOLUTION"""" VARCHAR(16777216),
	""""EXTERNAL_USER_ID"""" VARCHAR(16777216),
	""""SEND_ID"""" VARCHAR(16777216),
	""""CANVAS_STEP_MESSAGE_VARIATION_API_ID"""" VARCHAR(16777216),
	""""BOOLEAN_CUSTOM_ATTRIBUTES"""" VARIANT,
	""""COUNTRY"""" VARCHAR(16777216)
);"
USERS_MESSAGES_INAPPMESSAGE_IMPRESSION_VIEW,,"create or replace TABLE USERS_MESSAGES_INAPPMESSAGE_IMPRESSION_VIEW (
	""""DISPATCH_ID"""" VARCHAR(16777216),
	""""SEND_ID"""" VARCHAR(16777216),
	""""CANVAS_STEP_MESSAGE_VARIATION_ID"""" VARCHAR(16777216),
	""""CAMPAIGN_ID"""" VARCHAR(16777216),
	""""CANVAS_VARIATION_ID"""" VARCHAR(16777216),
	""""AD_ID_TYPE"""" VARCHAR(16777216),
	""""DEVICE_ID"""" VARCHAR(16777216),
	""""TIMEZONE"""" VARCHAR(16777216),
	""""STRING_CUSTOM_ATTRIBUTES"""" VARIANT,
	""""PLATFORM"""" VARCHAR(16777216),
	""""CANVAS_STEP_API_ID"""" VARCHAR(16777216),
	""""TIME"""" NUMBER(38,0),
	""""CANVAS_API_ID"""" VARCHAR(16777216),
	""""CAMPAIGN_API_ID"""" VARCHAR(16777216),
	""""CARD_ID"""" VARCHAR(16777216),
	""""DEVICE_MODEL"""" VARCHAR(16777216),
	""""GENDER"""" VARCHAR(16777216),
	""""VERSION"""" VARCHAR(16777216),
	""""BOOLEAN_CUSTOM_ATTRIBUTES"""" VARIANT,
	""""BROWSER"""" VARCHAR(16777216),
	""""TIME_CUSTOM_ATTRIBUTES"""" VARIANT,
	""""APP_GROUP_ID"""" VARCHAR(16777216),
	""""APP_GROUP_API_ID"""" VARCHAR(16777216),
	""""AD_ID"""" VARCHAR(16777216),
	""""APP_API_ID"""" VARCHAR(16777216),
	""""OS_VERSION"""" VARCHAR(16777216),
	""""CANVAS_VARIATION_API_ID"""" VARCHAR(16777216),
	""""LANGUAGE"""" VARCHAR(16777216),
	""""NUMBER_CUSTOM_ATTRIBUTES"""" VARIANT,
	""""MESSAGE_VARIATION_ID"""" VARCHAR(16777216),
	""""CARRIER"""" VARCHAR(16777216),
	""""CANVAS_STEP_ID"""" VARCHAR(16777216),
	""""CARD_API_ID"""" VARCHAR(16777216),
	""""ID"""" VARCHAR(16777216),
	""""SF_CREATED_AT"""" TIMESTAMP_LTZ,
	""""CANVAS_STEP_MESSAGE_VARIATION_API_ID"""" VARCHAR(16777216),
	""""RESOLUTION"""" VARCHAR(16777216),
	""""SDK_VERSION"""" VARCHAR(16777216),
	""""CANVAS_ID"""" VARCHAR(16777216),
	""""MESSAGE_VARIATION_API_ID"""" VARCHAR(16777216),
	""""EXTERNAL_USER_ID"""" VARCHAR(16777216),
	""""APP_ID"""" VARCHAR(16777216),
	""""AD_TRACKING_ENABLED"""" BOOLEAN,
	""""COUNTRY"""" VARCHAR(16777216),
	""""FLOAT_CUSTOM_ATTRIBUTES"""" VARIANT,
	""""USER_ID"""" VARCHAR(16777216)
);"
USERS_MESSAGES_NEWSFEEDCARD_CLICK_VIEW,,"create or replace TABLE USERS_MESSAGES_NEWSFEEDCARD_CLICK_VIEW (
	""""EXTERNAL_USER_ID"""" VARCHAR(16777216),
	""""APP_API_ID"""" VARCHAR(16777216),
	""""ID"""" VARCHAR(16777216),
	""""DEVICE_ID"""" VARCHAR(16777216),
	""""PLATFORM"""" VARCHAR(16777216),
	""""GENDER"""" VARCHAR(16777216),
	""""CARD_ID"""" VARCHAR(16777216),
	""""TIME_CUSTOM_ATTRIBUTES"""" VARIANT,
	""""STRING_CUSTOM_ATTRIBUTES"""" VARIANT,
	""""CARD_API_ID"""" VARCHAR(16777216),
	""""COUNTRY"""" VARCHAR(16777216),
	""""BROWSER"""" VARCHAR(16777216),
	""""RESOLUTION"""" VARCHAR(16777216),
	""""SDK_VERSION"""" VARCHAR(16777216),
	""""TIMEZONE"""" VARCHAR(16777216),
	""""SF_CREATED_AT"""" TIMESTAMP_LTZ,
	""""FLOAT_CUSTOM_ATTRIBUTES"""" VARIANT,
	""""APP_GROUP_ID"""" VARCHAR(16777216),
	""""LANGUAGE"""" VARCHAR(16777216),
	""""APP_ID"""" VARCHAR(16777216),
	""""CARRIER"""" VARCHAR(16777216),
	""""NUMBER_CUSTOM_ATTRIBUTES"""" VARIANT,
	""""DEVICE_MODEL"""" VARCHAR(16777216),
	""""TIME"""" NUMBER(38,0),
	""""APP_GROUP_API_ID"""" VARCHAR(16777216),
	""""BOOLEAN_CUSTOM_ATTRIBUTES"""" VARIANT,
	""""USER_ID"""" VARCHAR(16777216),
	""""OS_VERSION"""" VARCHAR(16777216)
);"
USERS_MESSAGES_NEWSFEEDCARD_IMPRESSION_VIEW,,"create or replace TABLE USERS_MESSAGES_NEWSFEEDCARD_IMPRESSION_VIEW (
	""""BROWSER"""" VARCHAR(16777216),
	""""USER_ID"""" VARCHAR(16777216),
	""""GENDER"""" VARCHAR(16777216),
	""""APP_API_ID"""" VARCHAR(16777216),
	""""PLATFORM"""" VARCHAR(16777216),
	""""BOOLEAN_CUSTOM_ATTRIBUTES"""" VARIANT,
	""""APP_GROUP_API_ID"""" VARCHAR(16777216),
	""""DEVICE_ID"""" VARCHAR(16777216),
	""""SF_CREATED_AT"""" TIMESTAMP_LTZ,
	""""FLOAT_CUSTOM_ATTRIBUTES"""" VARIANT,
	""""CARRIER"""" VARCHAR(16777216),
	""""STRING_CUSTOM_ATTRIBUTES"""" VARIANT,
	""""TIMEZONE"""" VARCHAR(16777216),
	""""CARD_ID"""" VARCHAR(16777216),
	""""APP_GROUP_ID"""" VARCHAR(16777216),
	""""ID"""" VARCHAR(16777216),
	""""RESOLUTION"""" VARCHAR(16777216),
	""""EXTERNAL_USER_ID"""" VARCHAR(16777216),
	""""CARD_API_ID"""" VARCHAR(16777216),
	""""APP_ID"""" VARCHAR(16777216),
	""""SDK_VERSION"""" VARCHAR(16777216),
	""""COUNTRY"""" VARCHAR(16777216),
	""""OS_VERSION"""" VARCHAR(16777216),
	""""TIME_CUSTOM_ATTRIBUTES"""" VARIANT,
	""""LANGUAGE"""" VARCHAR(16777216),
	""""DEVICE_MODEL"""" VARCHAR(16777216),
	""""TIME"""" NUMBER(38,0),
	""""NUMBER_CUSTOM_ATTRIBUTES"""" VARIANT
);"
USERS_MESSAGES_PUSHNOTIFICATION_BOUNCE_SHARED_VIEW,,"create or replace TABLE USERS_MESSAGES_PUSHNOTIFICATION_BOUNCE_SHARED_VIEW (
	""""CANVAS_API_ID"""" VARCHAR(16777216),
	""""MESSAGE_VARIATION_API_ID"""" VARCHAR(16777216),
	""""SEND_ID"""" VARCHAR(16777216),
	""""TIME"""" NUMBER(38,0),
	""""DEVICE_ID"""" VARCHAR(16777216),
	""""ID"""" VARCHAR(16777216),
	""""AD_ID"""" VARCHAR(16777216),
	""""CANVAS_STEP_API_ID"""" VARCHAR(16777216),
	""""CANVAS_VARIATION_API_ID"""" VARCHAR(16777216),
	""""PLATFORM"""" VARCHAR(16777216),
	""""LANGUAGE"""" VARCHAR(16777216),
	""""AD_ID_TYPE"""" VARCHAR(16777216),
	""""CAMPAIGN_ID"""" VARCHAR(16777216),
	""""CAMPAIGN_API_ID"""" VARCHAR(16777216),
	""""APP_API_ID"""" VARCHAR(16777216),
	""""APP_GROUP_API_ID"""" VARCHAR(16777216),
	""""DISPATCH_ID"""" VARCHAR(16777216),
	""""COUNTRY"""" VARCHAR(16777216),
	""""EXTERNAL_USER_ID"""" VARCHAR(16777216),
	""""TIMEZONE"""" VARCHAR(16777216),
	""""PUSH_TOKEN"""" VARCHAR(16777216),
	""""GENDER"""" VARCHAR(16777216),
	""""APP_GROUP_ID"""" VARCHAR(16777216),
	""""USER_ID"""" VARCHAR(16777216),
	""""SF_CREATED_AT"""" NUMBER(38,0),
	""""AD_TRACKING_ENABLED"""" BOOLEAN,
	""""CANVAS_STEP_MESSAGE_VARIATION_API_ID"""" VARCHAR(16777216),
	""""CANVAS_ID"""" VARCHAR(16777216)
);"
USERS_MESSAGES_PUSHNOTIFICATION_BOUNCE_VIEW,,"create or replace TABLE USERS_MESSAGES_PUSHNOTIFICATION_BOUNCE_VIEW (
	""""MESSAGE_VARIATION_API_ID"""" VARCHAR(16777216),
	""""TIME_CUSTOM_ATTRIBUTES"""" VARIANT,
	""""DEVICE_ID"""" VARCHAR(16777216),
	""""CANVAS_ID"""" VARCHAR(16777216),
	""""GENDER"""" VARCHAR(16777216),
	""""USER_ID"""" VARCHAR(16777216),
	""""MESSAGE_VARIATION_ID"""" VARCHAR(16777216),
	""""CANVAS_STEP_MESSAGE_VARIATION_ID"""" VARCHAR(16777216),
	""""CANVAS_STEP_API_ID"""" VARCHAR(16777216),
	""""SEND_ID"""" VARCHAR(16777216),
	""""APP_API_ID"""" VARCHAR(16777216),
	""""PLATFORM"""" VARCHAR(16777216),
	""""FLOAT_CUSTOM_ATTRIBUTES"""" VARIANT,
	""""CAMPAIGN_API_ID"""" VARCHAR(16777216),
	""""CANVAS_API_ID"""" VARCHAR(16777216),
	""""DISPATCH_ID"""" VARCHAR(16777216),
	""""PUSH_TOKEN"""" VARCHAR(16777216),
	""""BOOLEAN_CUSTOM_ATTRIBUTES"""" VARIANT,
	""""AD_ID_TYPE"""" VARCHAR(16777216),
	""""CANVAS_STEP_MESSAGE_VARIATION_API_ID"""" VARCHAR(16777216),
	""""CANVAS_VARIATION_API_ID"""" VARCHAR(16777216),
	""""COUNTRY"""" VARCHAR(16777216),
	""""NUMBER_CUSTOM_ATTRIBUTES"""" VARIANT,
	""""TIME"""" NUMBER(38,0),
	""""CAMPAIGN_ID"""" VARCHAR(16777216),
	""""APP_ID"""" VARCHAR(16777216),
	""""APP_GROUP_API_ID"""" VARCHAR(16777216),
	""""AD_ID"""" VARCHAR(16777216),
	""""TIMEZONE"""" VARCHAR(16777216),
	""""CANVAS_VARIATION_ID"""" VARCHAR(16777216),
	""""CANVAS_STEP_ID"""" VARCHAR(16777216),
	""""APP_GROUP_ID"""" VARCHAR(16777216),
	""""SF_CREATED_AT"""" TIMESTAMP_LTZ,
	""""AD_TRACKING_ENABLED"""" BOOLEAN,
	""""ID"""" VARCHAR(16777216),
	""""LANGUAGE"""" VARCHAR(16777216),
	""""STRING_CUSTOM_ATTRIBUTES"""" VARIANT,
	""""EXTERNAL_USER_ID"""" VARCHAR(16777216)
);"
USERS_MESSAGES_PUSHNOTIFICATION_INFLUENCEDOPEN_SHARED_VIEW,,"create or replace TABLE USERS_MESSAGES_PUSHNOTIFICATION_INFLUENCEDOPEN_SHARED_VIEW (
	""""PLATFORM"""" VARCHAR(16777216),
	""""ID"""" VARCHAR(16777216),
	""""CAMPAIGN_ID"""" VARCHAR(16777216),
	""""APP_API_ID"""" VARCHAR(16777216),
	""""TIMEZONE"""" VARCHAR(16777216),
	""""CANVAS_VARIATION_API_ID"""" VARCHAR(16777216),
	""""USER_ID"""" VARCHAR(16777216),
	""""SDK_VERSION"""" VARCHAR(16777216),
	""""MESSAGE_VARIATION_API_ID"""" VARCHAR(16777216),
	""""CAMPAIGN_API_ID"""" VARCHAR(16777216),
	""""EXTERNAL_USER_ID"""" VARCHAR(16777216),
	""""CANVAS_STEP_API_ID"""" VARCHAR(16777216),
	""""SEND_ID"""" VARCHAR(16777216),
	""""COUNTRY"""" VARCHAR(16777216),
	""""LANGUAGE"""" VARCHAR(16777216),
	""""CANVAS_STEP_MESSAGE_VARIATION_API_ID"""" VARCHAR(16777216),
	""""TIME"""" NUMBER(38,0),
	""""RESOLUTION"""" VARCHAR(16777216),
	""""CANVAS_API_ID"""" VARCHAR(16777216),
	""""APP_GROUP_API_ID"""" VARCHAR(16777216),
	""""APP_GROUP_ID"""" VARCHAR(16777216),
	""""SF_CREATED_AT"""" NUMBER(38,0),
	""""CANVAS_ID"""" VARCHAR(16777216),
	""""DEVICE_ID"""" VARCHAR(16777216),
	""""CARRIER"""" VARCHAR(16777216),
	""""BROWSER"""" VARCHAR(16777216),
	""""GENDER"""" VARCHAR(16777216),
	""""DISPATCH_ID"""" VARCHAR(16777216),
	""""DEVICE_MODEL"""" VARCHAR(16777216),
	""""OS_VERSION"""" VARCHAR(16777216)
);"
USERS_MESSAGES_PUSHNOTIFICATION_INFLUENCEDOPEN_VIEW,,"create or replace TABLE USERS_MESSAGES_PUSHNOTIFICATION_INFLUENCEDOPEN_VIEW (
	""""SDK_VERSION"""" VARCHAR(16777216),
	""""OS_VERSION"""" VARCHAR(16777216),
	""""NUMBER_CUSTOM_ATTRIBUTES"""" VARIANT,
	""""MESSAGE_VARIATION_ID"""" VARCHAR(16777216),
	""""CAMPAIGN_ID"""" VARCHAR(16777216),
	""""SF_CREATED_AT"""" TIMESTAMP_LTZ,
	""""CAMPAIGN_API_ID"""" VARCHAR(16777216),
	""""APP_API_ID"""" VARCHAR(16777216),
	""""CANVAS_STEP_MESSAGE_VARIATION_API_ID"""" VARCHAR(16777216),
	""""ID"""" VARCHAR(16777216),
	""""CANVAS_API_ID"""" VARCHAR(16777216),
	""""APP_GROUP_ID"""" VARCHAR(16777216),
	""""BOOLEAN_CUSTOM_ATTRIBUTES"""" VARIANT,
	""""CANVAS_VARIATION_API_ID"""" VARCHAR(16777216),
	""""CANVAS_VARIATION_ID"""" VARCHAR(16777216),
	""""EXTERNAL_USER_ID"""" VARCHAR(16777216),
	""""STRING_CUSTOM_ATTRIBUTES"""" VARIANT,
	""""APP_GROUP_API_ID"""" VARCHAR(16777216),
	""""MESSAGE_VARIATION_API_ID"""" VARCHAR(16777216),
	""""CARRIER"""" VARCHAR(16777216),
	""""CANVAS_STEP_ID"""" VARCHAR(16777216),
	""""FLOAT_CUSTOM_ATTRIBUTES"""" VARIANT,
	""""SEND_ID"""" VARCHAR(16777216),
	""""DISPATCH_ID"""" VARCHAR(16777216),
	""""TIMEZONE"""" VARCHAR(16777216),
	""""CANVAS_STEP_API_ID"""" VARCHAR(16777216),
	""""BROWSER"""" VARCHAR(16777216),
	""""PLATFORM"""" VARCHAR(16777216),
	""""APP_ID"""" VARCHAR(16777216),
	""""DEVICE_ID"""" VARCHAR(16777216),
	""""RESOLUTION"""" VARCHAR(16777216),
	""""DEVICE_MODEL"""" VARCHAR(16777216),
	""""USER_ID"""" VARCHAR(16777216),
	""""CANVAS_STEP_MESSAGE_VARIATION_ID"""" VARCHAR(16777216),
	""""LANGUAGE"""" VARCHAR(16777216),
	""""GENDER"""" VARCHAR(16777216),
	""""TIME"""" NUMBER(38,0),
	""""COUNTRY"""" VARCHAR(16777216),
	""""TIME_CUSTOM_ATTRIBUTES"""" VARIANT,
	""""CANVAS_ID"""" VARCHAR(16777216)
);"
USERS_MESSAGES_PUSHNOTIFICATION_IOSFOREGROUND_SHARED_VIEW,,"create or replace TABLE USERS_MESSAGES_PUSHNOTIFICATION_IOSFOREGROUND_SHARED_VIEW (
	""""AD_TRACKING_ENABLED"""" BOOLEAN,
	""""CANVAS_ID"""" VARCHAR(16777216),
	""""CANVAS_API_ID"""" VARCHAR(16777216),
	""""APP_API_ID"""" VARCHAR(16777216),
	""""CAMPAIGN_API_ID"""" VARCHAR(16777216),
	""""AD_ID_TYPE"""" VARCHAR(16777216),
	""""CANVAS_STEP_MESSAGE_VARIATION_API_ID"""" VARCHAR(16777216),
	""""APP_GROUP_API_ID"""" VARCHAR(16777216),
	""""PLATFORM"""" VARCHAR(16777216),
	""""EXTERNAL_USER_ID"""" VARCHAR(16777216),
	""""APP_GROUP_ID"""" VARCHAR(16777216),
	""""COUNTRY"""" VARCHAR(16777216),
	""""USER_ID"""" VARCHAR(16777216),
	""""SDK_VERSION"""" VARCHAR(16777216),
	""""MESSAGE_VARIATION_API_ID"""" VARCHAR(16777216),
	""""RESOLUTION"""" VARCHAR(16777216),
	""""ID"""" VARCHAR(16777216),
	""""DEVICE_ID"""" VARCHAR(16777216),
	""""TIMEZONE"""" VARCHAR(16777216),
	""""DISPATCH_ID"""" VARCHAR(16777216),
	""""CAMPAIGN_ID"""" VARCHAR(16777216),
	""""CARRIER"""" VARCHAR(16777216),
	""""SEND_ID"""" VARCHAR(16777216),
	""""AD_ID"""" VARCHAR(16777216),
	""""CANVAS_VARIATION_API_ID"""" VARCHAR(16777216),
	""""BROWSER"""" VARCHAR(16777216),
	""""CANVAS_STEP_API_ID"""" VARCHAR(16777216),
	""""SF_CREATED_AT"""" NUMBER(38,0),
	""""OS_VERSION"""" VARCHAR(16777216),
	""""LANGUAGE"""" VARCHAR(16777216),
	""""GENDER"""" VARCHAR(16777216),
	""""TIME"""" NUMBER(38,0),
	""""DEVICE_MODEL"""" VARCHAR(16777216)
);"
USERS_MESSAGES_PUSHNOTIFICATION_IOSFOREGROUND_VIEW,,"create or replace TABLE USERS_MESSAGES_PUSHNOTIFICATION_IOSFOREGROUND_VIEW (
	""""OS_VERSION"""" VARCHAR(16777216),
	""""CANVAS_STEP_MESSAGE_VARIATION_ID"""" VARCHAR(16777216),
	""""MESSAGE_VARIATION_API_ID"""" VARCHAR(16777216),
	""""RESOLUTION"""" VARCHAR(16777216),
	""""NUMBER_CUSTOM_ATTRIBUTES"""" VARIANT,
	""""BROWSER"""" VARCHAR(16777216),
	""""APP_ID"""" VARCHAR(16777216),
	""""LANGUAGE"""" VARCHAR(16777216),
	""""SEND_ID"""" VARCHAR(16777216),
	""""GENDER"""" VARCHAR(16777216),
	""""CANVAS_VARIATION_API_ID"""" VARCHAR(16777216),
	""""CANVAS_STEP_ID"""" VARCHAR(16777216),
	""""DEVICE_MODEL"""" VARCHAR(16777216),
	""""PLATFORM"""" VARCHAR(16777216),
	""""CANVAS_API_ID"""" VARCHAR(16777216),
	""""BOOLEAN_CUSTOM_ATTRIBUTES"""" VARIANT,
	""""APP_GROUP_API_ID"""" VARCHAR(16777216),
	""""CANVAS_STEP_MESSAGE_VARIATION_API_ID"""" VARCHAR(16777216),
	""""APP_API_ID"""" VARCHAR(16777216),
	""""EXTERNAL_USER_ID"""" VARCHAR(16777216),
	""""AD_ID_TYPE"""" VARCHAR(16777216),
	""""DEVICE_ID"""" VARCHAR(16777216),
	""""CANVAS_STEP_API_ID"""" VARCHAR(16777216),
	""""COUNTRY"""" VARCHAR(16777216),
	""""TIME_CUSTOM_ATTRIBUTES"""" VARIANT,
	""""CANVAS_VARIATION_ID"""" VARCHAR(16777216),
	""""CAMPAIGN_API_ID"""" VARCHAR(16777216),
	""""APP_GROUP_ID"""" VARCHAR(16777216),
	""""ID"""" VARCHAR(16777216),
	""""CANVAS_ID"""" VARCHAR(16777216),
	""""DISPATCH_ID"""" VARCHAR(16777216),
	""""STRING_CUSTOM_ATTRIBUTES"""" VARIANT,
	""""TIME"""" NUMBER(38,0),
	""""SF_CREATED_AT"""" TIMESTAMP_LTZ,
	""""CAMPAIGN_ID"""" VARCHAR(16777216),
	""""SDK_VERSION"""" VARCHAR(16777216),
	""""MESSAGE_VARIATION_ID"""" VARCHAR(16777216),
	""""USER_ID"""" VARCHAR(16777216),
	""""TIMEZONE"""" VARCHAR(16777216),
	""""AD_TRACKING_ENABLED"""" BOOLEAN,
	""""FLOAT_CUSTOM_ATTRIBUTES"""" VARIANT,
	""""AD_ID"""" VARCHAR(16777216),
	""""CARRIER"""" VARCHAR(16777216)
);"
USERS_MESSAGES_PUSHNOTIFICATION_OPEN_SHARED_VIEW,,"create or replace TABLE USERS_MESSAGES_PUSHNOTIFICATION_OPEN_SHARED_VIEW (
	""""CANVAS_ID"""" VARCHAR(16777216),
	""""AD_TRACKING_ENABLED"""" BOOLEAN,
	""""SF_CREATED_AT"""" NUMBER(38,0),
	""""MESSAGE_VARIATION_API_ID"""" VARCHAR(16777216),
	""""BUTTON_STRING"""" VARCHAR(16777216),
	""""SLIDE_ID"""" VARCHAR(16777216),
	""""CANVAS_API_ID"""" VARCHAR(16777216),
	""""CAMPAIGN_ID"""" VARCHAR(16777216),
	""""APP_API_ID"""" VARCHAR(16777216),
	""""APP_GROUP_API_ID"""" VARCHAR(16777216),
	""""BUTTON_ACTION_TYPE"""" VARCHAR(16777216),
	""""CAMPAIGN_API_ID"""" VARCHAR(16777216),
	""""GENDER"""" VARCHAR(16777216),
	""""AD_ID"""" VARCHAR(16777216),
	""""SDK_VERSION"""" VARCHAR(16777216),
	""""BROWSER"""" VARCHAR(16777216),
	""""USER_ID"""" VARCHAR(16777216),
	""""CANVAS_STEP_MESSAGE_VARIATION_API_ID"""" VARCHAR(16777216),
	""""CANVAS_STEP_API_ID"""" VARCHAR(16777216),
	""""LANGUAGE"""" VARCHAR(16777216),
	""""PLATFORM"""" VARCHAR(16777216),
	""""RESOLUTION"""" VARCHAR(16777216),
	""""TIMEZONE"""" VARCHAR(16777216),
	""""CANVAS_VARIATION_API_ID"""" VARCHAR(16777216),
	""""DISPATCH_ID"""" VARCHAR(16777216),
	""""OS_VERSION"""" VARCHAR(16777216),
	""""APP_GROUP_ID"""" VARCHAR(16777216),
	""""AD_ID_TYPE"""" VARCHAR(16777216),
	""""EXTERNAL_USER_ID"""" VARCHAR(16777216),
	""""SLIDE_ACTION_TYPE"""" VARCHAR(16777216),
	""""SEND_ID"""" VARCHAR(16777216),
	""""ID"""" VARCHAR(16777216),
	""""DEVICE_MODEL"""" VARCHAR(16777216),
	""""CARRIER"""" VARCHAR(16777216),
	""""DEVICE_ID"""" VARCHAR(16777216),
	""""COUNTRY"""" VARCHAR(16777216),
	""""TIME"""" NUMBER(38,0)
);"
USERS_MESSAGES_PUSHNOTIFICATION_OPEN_VIEW,,"create or replace TABLE USERS_MESSAGES_PUSHNOTIFICATION_OPEN_VIEW (
	""""AD_ID_TYPE"""" VARCHAR(16777216),
	""""PLATFORM"""" VARCHAR(16777216),
	""""AD_ID"""" VARCHAR(16777216),
	""""ID"""" VARCHAR(16777216),
	""""MESSAGE_VARIATION_ID"""" VARCHAR(16777216),
	""""CANVAS_STEP_MESSAGE_VARIATION_ID"""" VARCHAR(16777216),
	""""APP_ID"""" VARCHAR(16777216),
	""""BOOLEAN_CUSTOM_ATTRIBUTES"""" VARIANT,
	""""CAMPAIGN_ID"""" VARCHAR(16777216),
	""""USER_ID"""" VARCHAR(16777216),
	""""BUTTON_STRING"""" VARCHAR(16777216),
	""""APP_API_ID"""" VARCHAR(16777216),
	""""GENDER"""" VARCHAR(16777216),
	""""TIMEZONE"""" VARCHAR(16777216),
	""""DEVICE_ID"""" VARCHAR(16777216),
	""""CANVAS_STEP_ID"""" VARCHAR(16777216),
	""""OS_VERSION"""" VARCHAR(16777216),
	""""SLIDE_ID"""" VARCHAR(16777216),
	""""BUTTON_ACTION_TYPE"""" VARCHAR(16777216),
	""""CANVAS_STEP_MESSAGE_VARIATION_API_ID"""" VARCHAR(16777216),
	""""TIME_CUSTOM_ATTRIBUTES"""" VARIANT,
	""""CANVAS_VARIATION_ID"""" VARCHAR(16777216),
	""""APP_GROUP_API_ID"""" VARCHAR(16777216),
	""""COUNTRY"""" VARCHAR(16777216),
	""""TIME"""" NUMBER(38,0),
	""""CANVAS_STEP_API_ID"""" VARCHAR(16777216),
	""""SF_CREATED_AT"""" TIMESTAMP_LTZ,
	""""CANVAS_ID"""" VARCHAR(16777216),
	""""AD_TRACKING_ENABLED"""" BOOLEAN,
	""""SEND_ID"""" VARCHAR(16777216),
	""""RESOLUTION"""" VARCHAR(16777216),
	""""CAMPAIGN_API_ID"""" VARCHAR(16777216),
	""""APP_GROUP_ID"""" VARCHAR(16777216),
	""""EXTERNAL_USER_ID"""" VARCHAR(16777216),
	""""LANGUAGE"""" VARCHAR(16777216),
	""""DEVICE_MODEL"""" VARCHAR(16777216),
	""""SLIDE_ACTION_TYPE"""" VARCHAR(16777216),
	""""DISPATCH_ID"""" VARCHAR(16777216),
	""""CANVAS_API_ID"""" VARCHAR(16777216),
	""""CARRIER"""" VARCHAR(16777216),
	""""SDK_VERSION"""" VARCHAR(16777216),
	""""BROWSER"""" VARCHAR(16777216),
	""""CANVAS_VARIATION_API_ID"""" VARCHAR(16777216),
	""""NUMBER_CUSTOM_ATTRIBUTES"""" VARIANT,
	""""FLOAT_CUSTOM_ATTRIBUTES"""" VARIANT,
	""""STRING_CUSTOM_ATTRIBUTES"""" VARIANT,
	""""MESSAGE_VARIATION_API_ID"""" VARCHAR(16777216)
);"
USERS_MESSAGES_PUSHNOTIFICATION_SEND_SHARED_VIEW,,"create or replace TABLE USERS_MESSAGES_PUSHNOTIFICATION_SEND_SHARED_VIEW (
	""""CANVAS_STEP_MESSAGE_VARIATION_API_ID"""" VARCHAR(16777216),
	""""CANVAS_API_ID"""" VARCHAR(16777216),
	""""PLATFORM"""" VARCHAR(16777216),
	""""USER_ID"""" VARCHAR(16777216),
	""""DISPATCH_ID"""" VARCHAR(16777216),
	""""LANGUAGE"""" VARCHAR(16777216),
	""""TIME"""" NUMBER(38,0),
	""""AD_ID_TYPE"""" VARCHAR(16777216),
	""""GENDER"""" VARCHAR(16777216),
	""""SEND_ID"""" VARCHAR(16777216),
	""""APP_GROUP_ID"""" VARCHAR(16777216),
	""""CANVAS_ID"""" VARCHAR(16777216),
	""""APP_GROUP_API_ID"""" VARCHAR(16777216),
	""""EXTERNAL_USER_ID"""" VARCHAR(16777216),
	""""PUSH_TOKEN"""" VARCHAR(16777216),
	""""CANVAS_STEP_API_ID"""" VARCHAR(16777216),
	""""APP_API_ID"""" VARCHAR(16777216),
	""""SF_CREATED_AT"""" NUMBER(38,0),
	""""CAMPAIGN_API_ID"""" VARCHAR(16777216),
	""""TIMEZONE"""" VARCHAR(16777216),
	""""DEVICE_ID"""" VARCHAR(16777216),
	""""CANVAS_VARIATION_API_ID"""" VARCHAR(16777216),
	""""COUNTRY"""" VARCHAR(16777216),
	""""AD_ID"""" VARCHAR(16777216),
	""""MESSAGE_VARIATION_API_ID"""" VARCHAR(16777216),
	""""AD_TRACKING_ENABLED"""" BOOLEAN,
	""""CAMPAIGN_ID"""" VARCHAR(16777216),
	""""ID"""" VARCHAR(16777216)
);"
USERS_MESSAGES_PUSHNOTIFICATION_SEND_VIEW,,"create or replace TABLE USERS_MESSAGES_PUSHNOTIFICATION_SEND_VIEW (
	""""CANVAS_VARIATION_API_ID"""" VARCHAR(16777216),
	""""AD_ID_TYPE"""" VARCHAR(16777216),
	""""AD_ID"""" VARCHAR(16777216),
	""""CANVAS_STEP_ID"""" VARCHAR(16777216),
	""""MESSAGE_VARIATION_ID"""" VARCHAR(16777216),
	""""CANVAS_ID"""" VARCHAR(16777216),
	""""SF_CREATED_AT"""" TIMESTAMP_LTZ,
	""""TIME"""" NUMBER(38,0),
	""""BOOLEAN_CUSTOM_ATTRIBUTES"""" VARIANT,
	""""CANVAS_STEP_API_ID"""" VARCHAR(16777216),
	""""CANVAS_STEP_MESSAGE_VARIATION_API_ID"""" VARCHAR(16777216),
	""""PLATFORM"""" VARCHAR(16777216),
	""""TIMEZONE"""" VARCHAR(16777216),
	""""CANVAS_STEP_MESSAGE_VARIATION_ID"""" VARCHAR(16777216),
	""""CAMPAIGN_API_ID"""" VARCHAR(16777216),
	""""COUNTRY"""" VARCHAR(16777216),
	""""STRING_CUSTOM_ATTRIBUTES"""" VARIANT,
	""""CANVAS_VARIATION_ID"""" VARCHAR(16777216),
	""""MESSAGE_VARIATION_API_ID"""" VARCHAR(16777216),
	""""CANVAS_API_ID"""" VARCHAR(16777216),
	""""PUSH_TOKEN"""" VARCHAR(16777216),
	""""EXTERNAL_USER_ID"""" VARCHAR(16777216),
	""""APP_ID"""" VARCHAR(16777216),
	""""APP_GROUP_API_ID"""" VARCHAR(16777216),
	""""NUMBER_CUSTOM_ATTRIBUTES"""" VARIANT,
	""""DISPATCH_ID"""" VARCHAR(16777216),
	""""DEVICE_ID"""" VARCHAR(16777216),
	""""USER_ID"""" VARCHAR(16777216),
	""""ID"""" VARCHAR(16777216),
	""""SEND_ID"""" VARCHAR(16777216),
	""""FLOAT_CUSTOM_ATTRIBUTES"""" VARIANT,
	""""APP_GROUP_ID"""" VARCHAR(16777216),
	""""AD_TRACKING_ENABLED"""" BOOLEAN,
	""""GENDER"""" VARCHAR(16777216),
	""""APP_API_ID"""" VARCHAR(16777216),
	""""CAMPAIGN_ID"""" VARCHAR(16777216),
	""""LANGUAGE"""" VARCHAR(16777216),
	""""TIME_CUSTOM_ATTRIBUTES"""" VARIANT
);"
USERS_MESSAGES_SMS_CARRIERSEND_SHARED_VIEW,,"create or replace TABLE USERS_MESSAGES_SMS_CARRIERSEND_SHARED_VIEW (
	""""LANGUAGE"""" VARCHAR(16777216),
	""""ID"""" VARCHAR(16777216),
	""""GENDER"""" VARCHAR(16777216),
	""""CAMPAIGN_ID"""" VARCHAR(16777216),
	""""FROM_PHONE_NUMBER"""" VARCHAR(16777216),
	""""CANVAS_STEP_API_ID"""" VARCHAR(16777216),
	""""APP_GROUP_API_ID"""" VARCHAR(16777216),
	""""TO_PHONE_NUMBER"""" VARCHAR(16777216),
	""""SEND_ID"""" VARCHAR(16777216),
	""""COUNTRY"""" VARCHAR(16777216),
	""""CAMPAIGN_API_ID"""" VARCHAR(16777216),
	""""TIMEZONE"""" VARCHAR(16777216),
	""""CANVAS_API_ID"""" VARCHAR(16777216),
	""""USER_ID"""" VARCHAR(16777216),
	""""CANVAS_ID"""" VARCHAR(16777216),
	""""EXTERNAL_USER_ID"""" VARCHAR(16777216),
	""""SUBSCRIPTION_GROUP_API_ID"""" VARCHAR(16777216),
	""""APP_GROUP_ID"""" VARCHAR(16777216),
	""""TIME"""" NUMBER(38,0),
	""""DEVICE_ID"""" VARCHAR(16777216),
	""""MESSAGE_VARIATION_API_ID"""" VARCHAR(16777216),
	""""SF_CREATED_AT"""" NUMBER(38,0),
	""""CANVAS_STEP_MESSAGE_VARIATION_API_ID"""" VARCHAR(16777216),
	""""DISPATCH_ID"""" VARCHAR(16777216),
	""""CANVAS_VARIATION_API_ID"""" VARCHAR(16777216)
);"
USERS_MESSAGES_SMS_CARRIERSEND_VIEW,,"create or replace TABLE USERS_MESSAGES_SMS_CARRIERSEND_VIEW (
	""""SF_CREATED_AT"""" TIMESTAMP_LTZ,
	""""LANGUAGE"""" VARCHAR(16777216),
	""""ID"""" VARCHAR(16777216),
	""""TIME_CUSTOM_ATTRIBUTES"""" VARIANT,
	""""CANVAS_STEP_MESSAGE_VARIATION_API_ID"""" VARCHAR(16777216),
	""""COUNTRY"""" VARCHAR(16777216),
	""""MESSAGE_VARIATION_ID"""" VARCHAR(16777216),
	""""SUBSCRIPTION_GROUP_ID"""" VARCHAR(16777216),
	""""CANVAS_VARIATION_ID"""" VARCHAR(16777216),
	""""TO_PHONE_NUMBER"""" VARCHAR(16777216),
	""""EXTERNAL_USER_ID"""" VARCHAR(16777216),
	""""FLOAT_CUSTOM_ATTRIBUTES"""" VARIANT,
	""""CANVAS_VARIATION_API_ID"""" VARCHAR(16777216),
	""""MESSAGE_VARIATION_API_ID"""" VARCHAR(16777216),
	""""GENDER"""" VARCHAR(16777216),
	""""DISPATCH_ID"""" VARCHAR(16777216),
	""""CANVAS_STEP_MESSAGE_VARIATION_ID"""" VARCHAR(16777216),
	""""SEND_ID"""" VARCHAR(16777216),
	""""CAMPAIGN_API_ID"""" VARCHAR(16777216),
	""""APP_GROUP_API_ID"""" VARCHAR(16777216),
	""""STRING_CUSTOM_ATTRIBUTES"""" VARIANT,
	""""BOOLEAN_CUSTOM_ATTRIBUTES"""" VARIANT,
	""""FROM_PHONE_NUMBER"""" VARCHAR(16777216),
	""""TIME"""" NUMBER(38,0),
	""""SUBSCRIPTION_GROUP_API_ID"""" VARCHAR(16777216),
	""""CAMPAIGN_ID"""" VARCHAR(16777216),
	""""APP_GROUP_ID"""" VARCHAR(16777216),
	""""CANVAS_ID"""" VARCHAR(16777216),
	""""NUMBER_CUSTOM_ATTRIBUTES"""" VARIANT,
	""""USER_ID"""" VARCHAR(16777216),
	""""TIMEZONE"""" VARCHAR(16777216),
	""""DEVICE_ID"""" VARCHAR(16777216),
	""""CANVAS_API_ID"""" VARCHAR(16777216),
	""""CANVAS_STEP_ID"""" VARCHAR(16777216),
	""""CANVAS_STEP_API_ID"""" VARCHAR(16777216)
);"
USERS_MESSAGES_SMS_DELIVERYFAILURE_SHARED_VIEW,,"create or replace TABLE USERS_MESSAGES_SMS_DELIVERYFAILURE_SHARED_VIEW (
	""""APP_GROUP_ID"""" VARCHAR(16777216),
	""""CANVAS_STEP_MESSAGE_VARIATION_API_ID"""" VARCHAR(16777216),
	""""LANGUAGE"""" VARCHAR(16777216),
	""""CANVAS_ID"""" VARCHAR(16777216),
	""""GENDER"""" VARCHAR(16777216),
	""""CAMPAIGN_ID"""" VARCHAR(16777216),
	""""CAMPAIGN_API_ID"""" VARCHAR(16777216),
	""""CANVAS_VARIATION_API_ID"""" VARCHAR(16777216),
	""""SF_CREATED_AT"""" NUMBER(38,0),
	""""USER_ID"""" VARCHAR(16777216),
	""""DEVICE_ID"""" VARCHAR(16777216),
	""""MESSAGE_VARIATION_API_ID"""" VARCHAR(16777216),
	""""CANVAS_API_ID"""" VARCHAR(16777216),
	""""SUBSCRIPTION_GROUP_API_ID"""" VARCHAR(16777216),
	""""EXTERNAL_USER_ID"""" VARCHAR(16777216),
	""""ID"""" VARCHAR(16777216),
	""""ERROR"""" VARCHAR(16777216),
	""""CANVAS_STEP_API_ID"""" VARCHAR(16777216),
	""""DISPATCH_ID"""" VARCHAR(16777216),
	""""PROVIDER_ERROR_CODE"""" VARCHAR(16777216),
	""""TIME"""" NUMBER(38,0),
	""""APP_GROUP_API_ID"""" VARCHAR(16777216),
	""""TO_PHONE_NUMBER"""" VARCHAR(16777216),
	""""COUNTRY"""" VARCHAR(16777216),
	""""SEND_ID"""" VARCHAR(16777216),
	""""TIMEZONE"""" VARCHAR(16777216)
);"
USERS_MESSAGES_SMS_DELIVERYFAILURE_VIEW,,"create or replace TABLE USERS_MESSAGES_SMS_DELIVERYFAILURE_VIEW (
	""""APP_GROUP_API_ID"""" VARCHAR(16777216),
	""""SF_CREATED_AT"""" TIMESTAMP_LTZ,
	""""FLOAT_CUSTOM_ATTRIBUTES"""" VARIANT,
	""""DEVICE_ID"""" VARCHAR(16777216),
	""""CANVAS_STEP_API_ID"""" VARCHAR(16777216),
	""""EXTERNAL_USER_ID"""" VARCHAR(16777216),
	""""CANVAS_VARIATION_ID"""" VARCHAR(16777216),
	""""CANVAS_STEP_ID"""" VARCHAR(16777216),
	""""MESSAGE_VARIATION_ID"""" VARCHAR(16777216),
	""""TIMEZONE"""" VARCHAR(16777216),
	""""DISPATCH_ID"""" VARCHAR(16777216),
	""""SEND_ID"""" VARCHAR(16777216),
	""""SUBSCRIPTION_GROUP_ID"""" VARCHAR(16777216),
	""""CAMPAIGN_API_ID"""" VARCHAR(16777216),
	""""STRING_CUSTOM_ATTRIBUTES"""" VARIANT,
	""""CANVAS_STEP_MESSAGE_VARIATION_ID"""" VARCHAR(16777216),
	""""BOOLEAN_CUSTOM_ATTRIBUTES"""" VARIANT,
	""""GENDER"""" VARCHAR(16777216),
	""""NUMBER_CUSTOM_ATTRIBUTES"""" VARIANT,
	""""USER_ID"""" VARCHAR(16777216),
	""""LANGUAGE"""" VARCHAR(16777216),
	""""CANVAS_API_ID"""" VARCHAR(16777216),
	""""CANVAS_STEP_MESSAGE_VARIATION_API_ID"""" VARCHAR(16777216),
	""""COUNTRY"""" VARCHAR(16777216),
	""""TO_PHONE_NUMBER"""" VARCHAR(16777216),
	""""ID"""" VARCHAR(16777216),
	""""APP_GROUP_ID"""" VARCHAR(16777216),
	""""PROVIDER_ERROR_CODE"""" VARCHAR(16777216),
	""""TIME_CUSTOM_ATTRIBUTES"""" VARIANT,
	""""SUBSCRIPTION_GROUP_API_ID"""" VARCHAR(16777216),
	""""CANVAS_ID"""" VARCHAR(16777216),
	""""TIME"""" NUMBER(38,0),
	""""CANVAS_VARIATION_API_ID"""" VARCHAR(16777216),
	""""MESSAGE_VARIATION_API_ID"""" VARCHAR(16777216),
	""""ERROR"""" VARCHAR(16777216),
	""""CAMPAIGN_ID"""" VARCHAR(16777216)
);"
USERS_MESSAGES_SMS_DELIVERY_SHARED_VIEW,,"create or replace TABLE USERS_MESSAGES_SMS_DELIVERY_SHARED_VIEW (
	""""APP_GROUP_API_ID"""" VARCHAR(16777216),
	""""ID"""" VARCHAR(16777216),
	""""CAMPAIGN_ID"""" VARCHAR(16777216),
	""""CANVAS_STEP_MESSAGE_VARIATION_API_ID"""" VARCHAR(16777216),
	""""SEND_ID"""" VARCHAR(16777216),
	""""COUNTRY"""" VARCHAR(16777216),
	""""CANVAS_STEP_API_ID"""" VARCHAR(16777216),
	""""CANVAS_ID"""" VARCHAR(16777216),
	""""APP_GROUP_ID"""" VARCHAR(16777216),
	""""CANVAS_VARIATION_API_ID"""" VARCHAR(16777216),
	""""DEVICE_ID"""" VARCHAR(16777216),
	""""CAMPAIGN_API_ID"""" VARCHAR(16777216),
	""""LANGUAGE"""" VARCHAR(16777216),
	""""MESSAGE_VARIATION_API_ID"""" VARCHAR(16777216),
	""""TIME"""" NUMBER(38,0),
	""""USER_ID"""" VARCHAR(16777216),
	""""CANVAS_API_ID"""" VARCHAR(16777216),
	""""TIMEZONE"""" VARCHAR(16777216),
	""""SF_CREATED_AT"""" NUMBER(38,0),
	""""FROM_PHONE_NUMBER"""" VARCHAR(16777216),
	""""EXTERNAL_USER_ID"""" VARCHAR(16777216),
	""""SUBSCRIPTION_GROUP_API_ID"""" VARCHAR(16777216),
	""""DISPATCH_ID"""" VARCHAR(16777216),
	""""GENDER"""" VARCHAR(16777216),
	""""TO_PHONE_NUMBER"""" VARCHAR(16777216)
);"
USERS_MESSAGES_SMS_DELIVERY_VIEW,,"create or replace TABLE USERS_MESSAGES_SMS_DELIVERY_VIEW (
	""""TIME"""" NUMBER(38,0),
	""""SF_CREATED_AT"""" TIMESTAMP_LTZ,
	""""TIME_CUSTOM_ATTRIBUTES"""" VARIANT,
	""""CANVAS_ID"""" VARCHAR(16777216),
	""""EXTERNAL_USER_ID"""" VARCHAR(16777216),
	""""SEND_ID"""" VARCHAR(16777216),
	""""STRING_CUSTOM_ATTRIBUTES"""" VARIANT,
	""""APP_GROUP_API_ID"""" VARCHAR(16777216),
	""""CANVAS_STEP_API_ID"""" VARCHAR(16777216),
	""""CAMPAIGN_API_ID"""" VARCHAR(16777216),
	""""ID"""" VARCHAR(16777216),
	""""CANVAS_STEP_MESSAGE_VARIATION_ID"""" VARCHAR(16777216),
	""""FROM_PHONE_NUMBER"""" VARCHAR(16777216),
	""""DEVICE_ID"""" VARCHAR(16777216),
	""""CANVAS_API_ID"""" VARCHAR(16777216),
	""""FLOAT_CUSTOM_ATTRIBUTES"""" VARIANT,
	""""BOOLEAN_CUSTOM_ATTRIBUTES"""" VARIANT,
	""""COUNTRY"""" VARCHAR(16777216),
	""""MESSAGE_VARIATION_ID"""" VARCHAR(16777216),
	""""DISPATCH_ID"""" VARCHAR(16777216),
	""""TIMEZONE"""" VARCHAR(16777216),
	""""LANGUAGE"""" VARCHAR(16777216),
	""""CAMPAIGN_ID"""" VARCHAR(16777216),
	""""CANVAS_VARIATION_API_ID"""" VARCHAR(16777216),
	""""APP_GROUP_ID"""" VARCHAR(16777216),
	""""CANVAS_STEP_ID"""" VARCHAR(16777216),
	""""CANVAS_STEP_MESSAGE_VARIATION_API_ID"""" VARCHAR(16777216),
	""""TO_PHONE_NUMBER"""" VARCHAR(16777216),
	""""MESSAGE_VARIATION_API_ID"""" VARCHAR(16777216),
	""""USER_ID"""" VARCHAR(16777216),
	""""SUBSCRIPTION_GROUP_ID"""" VARCHAR(16777216),
	""""GENDER"""" VARCHAR(16777216),
	""""NUMBER_CUSTOM_ATTRIBUTES"""" VARIANT,
	""""CANVAS_VARIATION_ID"""" VARCHAR(16777216),
	""""SUBSCRIPTION_GROUP_API_ID"""" VARCHAR(16777216)
);"
USERS_MESSAGES_SMS_INBOUNDRECEIVE_SHARED_VIEW,,"create or replace TABLE USERS_MESSAGES_SMS_INBOUNDRECEIVE_SHARED_VIEW (
	""""USER_PHONE_NUMBER"""" VARCHAR(16777216),
	""""CAMPAIGN_API_ID"""" VARCHAR(16777216),
	""""APP_GROUP_ID"""" VARCHAR(16777216),
	""""ID"""" VARCHAR(16777216),
	""""CANVAS_STEP_MESSAGE_VARIATION_API_ID"""" VARCHAR(16777216),
	""""CAMPAIGN_ID"""" VARCHAR(16777216),
	""""USER_ID"""" VARCHAR(16777216),
	""""EXTERNAL_USER_ID"""" VARCHAR(16777216),
	""""MESSAGE_VARIATION_API_ID"""" VARCHAR(16777216),
	""""TIME"""" NUMBER(38,0),
	""""SUBSCRIPTION_GROUP_API_ID"""" VARCHAR(16777216),
	""""APP_GROUP_API_ID"""" VARCHAR(16777216),
	""""CANVAS_STEP_API_ID"""" VARCHAR(16777216),
	""""SUBSCRIPTION_GROUP_ID"""" VARCHAR(16777216),
	""""INBOUND_PHONE_NUMBER"""" VARCHAR(16777216),
	""""CANVAS_ID"""" VARCHAR(16777216),
	""""CANVAS_API_ID"""" VARCHAR(16777216),
	""""CANVAS_VARIATION_API_ID"""" VARCHAR(16777216),
	""""MESSAGE_BODY"""" VARCHAR(16777216),
	""""MEDIA_URLS"""" VARIANT,
	""""ACTION"""" VARCHAR(16777216),
	""""SF_CREATED_AT"""" NUMBER(38,0)
);"
USERS_MESSAGES_SMS_INBOUNDRECEIVE_VIEW,,"create or replace TABLE USERS_MESSAGES_SMS_INBOUNDRECEIVE_VIEW (
	""""INBOUND_PHONE_NUMBER"""" VARCHAR(16777216),
	""""TIME"""" NUMBER(38,0),
	""""APP_GROUP_ID"""" VARCHAR(16777216),
	""""CANVAS_STEP_API_ID"""" VARCHAR(16777216),
	""""USER_PHONE_NUMBER"""" VARCHAR(16777216),
	""""MESSAGE_VARIATION_ID"""" VARCHAR(16777216),
	""""CANVAS_VARIATION_API_ID"""" VARCHAR(16777216),
	""""CANVAS_STEP_ID"""" VARCHAR(16777216),
	""""CANVAS_VARIATION_ID"""" VARCHAR(16777216),
	""""SUBSCRIPTION_GROUP_ID"""" VARCHAR(16777216),
	""""CAMPAIGN_ID"""" VARCHAR(16777216),
	""""CAMPAIGN_API_ID"""" VARCHAR(16777216),
	""""EXTERNAL_USER_ID"""" VARCHAR(16777216),
	""""CANVAS_ID"""" VARCHAR(16777216),
	""""SUBSCRIPTION_GROUP_API_ID"""" VARCHAR(16777216),
	""""SF_CREATED_AT"""" TIMESTAMP_LTZ,
	""""CANVAS_STEP_MESSAGE_VARIATION_ID"""" VARCHAR(16777216),
	""""MESSAGE_VARIATION_API_ID"""" VARCHAR(16777216),
	""""CANVAS_API_ID"""" VARCHAR(16777216),
	""""USER_ID"""" VARCHAR(16777216),
	""""ID"""" VARCHAR(16777216),
	""""APP_GROUP_API_ID"""" VARCHAR(16777216),
	""""CANVAS_STEP_MESSAGE_VARIATION_API_ID"""" VARCHAR(16777216),
	""""ACTION"""" VARCHAR(16777216),
	""""MESSAGE_BODY"""" VARCHAR(16777216),
	""""MEDIA_URLS"""" VARIANT
);"
USERS_MESSAGES_SMS_REJECTION_SHARED_VIEW,,"create or replace TABLE USERS_MESSAGES_SMS_REJECTION_SHARED_VIEW (
	""""TIMEZONE"""" VARCHAR(16777216),
	""""GENDER"""" VARCHAR(16777216),
	""""CANVAS_STEP_MESSAGE_VARIATION_API_ID"""" VARCHAR(16777216),
	""""APP_GROUP_ID"""" VARCHAR(16777216),
	""""EXTERNAL_USER_ID"""" VARCHAR(16777216),
	""""SF_CREATED_AT"""" NUMBER(38,0),
	""""ID"""" VARCHAR(16777216),
	""""SUBSCRIPTION_GROUP_API_ID"""" VARCHAR(16777216),
	""""APP_GROUP_API_ID"""" VARCHAR(16777216),
	""""PROVIDER_ERROR_CODE"""" VARCHAR(16777216),
	""""LANGUAGE"""" VARCHAR(16777216),
	""""TIME"""" NUMBER(38,0),
	""""DISPATCH_ID"""" VARCHAR(16777216),
	""""SEND_ID"""" VARCHAR(16777216),
	""""FROM_PHONE_NUMBER"""" VARCHAR(16777216),
	""""CAMPAIGN_API_ID"""" VARCHAR(16777216),
	""""CAMPAIGN_ID"""" VARCHAR(16777216),
	""""MESSAGE_VARIATION_API_ID"""" VARCHAR(16777216),
	""""CANVAS_STEP_API_ID"""" VARCHAR(16777216),
	""""USER_ID"""" VARCHAR(16777216),
	""""DEVICE_ID"""" VARCHAR(16777216),
	""""CANVAS_VARIATION_API_ID"""" VARCHAR(16777216),
	""""CANVAS_API_ID"""" VARCHAR(16777216),
	""""ERROR"""" VARCHAR(16777216),
	""""COUNTRY"""" VARCHAR(16777216),
	""""TO_PHONE_NUMBER"""" VARCHAR(16777216),
	""""CANVAS_ID"""" VARCHAR(16777216)
);"
USERS_MESSAGES_SMS_REJECTION_VIEW,,"create or replace TABLE USERS_MESSAGES_SMS_REJECTION_VIEW (
	""""APP_GROUP_ID"""" VARCHAR(16777216),
	""""CANVAS_STEP_MESSAGE_VARIATION_ID"""" VARCHAR(16777216),
	""""STRING_CUSTOM_ATTRIBUTES"""" VARIANT,
	""""FROM_PHONE_NUMBER"""" VARCHAR(16777216),
	""""SEND_ID"""" VARCHAR(16777216),
	""""LANGUAGE"""" VARCHAR(16777216),
	""""CANVAS_ID"""" VARCHAR(16777216),
	""""MESSAGE_VARIATION_ID"""" VARCHAR(16777216),
	""""EXTERNAL_USER_ID"""" VARCHAR(16777216),
	""""ERROR"""" VARCHAR(16777216),
	""""SUBSCRIPTION_GROUP_API_ID"""" VARCHAR(16777216),
	""""NUMBER_CUSTOM_ATTRIBUTES"""" VARIANT,
	""""FLOAT_CUSTOM_ATTRIBUTES"""" VARIANT,
	""""DEVICE_ID"""" VARCHAR(16777216),
	""""CAMPAIGN_API_ID"""" VARCHAR(16777216),
	""""USER_ID"""" VARCHAR(16777216),
	""""CANVAS_VARIATION_ID"""" VARCHAR(16777216),
	""""COUNTRY"""" VARCHAR(16777216),
	""""TIMEZONE"""" VARCHAR(16777216),
	""""SUBSCRIPTION_GROUP_ID"""" VARCHAR(16777216),
	""""CANVAS_API_ID"""" VARCHAR(16777216),
	""""CANVAS_STEP_ID"""" VARCHAR(16777216),
	""""PROVIDER_ERROR_CODE"""" VARCHAR(16777216),
	""""TIME"""" NUMBER(38,0),
	""""MESSAGE_VARIATION_API_ID"""" VARCHAR(16777216),
	""""CANVAS_VARIATION_API_ID"""" VARCHAR(16777216),
	""""TIME_CUSTOM_ATTRIBUTES"""" VARIANT,
	""""ID"""" VARCHAR(16777216),
	""""CANVAS_STEP_API_ID"""" VARCHAR(16777216),
	""""SF_CREATED_AT"""" TIMESTAMP_LTZ,
	""""TO_PHONE_NUMBER"""" VARCHAR(16777216),
	""""CANVAS_STEP_MESSAGE_VARIATION_API_ID"""" VARCHAR(16777216),
	""""GENDER"""" VARCHAR(16777216),
	""""APP_GROUP_API_ID"""" VARCHAR(16777216),
	""""DISPATCH_ID"""" VARCHAR(16777216),
	""""CAMPAIGN_ID"""" VARCHAR(16777216),
	""""BOOLEAN_CUSTOM_ATTRIBUTES"""" VARIANT
);"
USERS_MESSAGES_SMS_SEND_SHARED_VIEW,,"create or replace TABLE USERS_MESSAGES_SMS_SEND_SHARED_VIEW (
	""""COUNTRY"""" VARCHAR(16777216),
	""""TIME"""" NUMBER(38,0),
	""""DISPATCH_ID"""" VARCHAR(16777216),
	""""LANGUAGE"""" VARCHAR(16777216),
	""""ID"""" VARCHAR(16777216),
	""""CANVAS_ID"""" VARCHAR(16777216),
	""""CANVAS_STEP_MESSAGE_VARIATION_API_ID"""" VARCHAR(16777216),
	""""APP_GROUP_ID"""" VARCHAR(16777216),
	""""SF_CREATED_AT"""" NUMBER(38,0),
	""""TO_PHONE_NUMBER"""" VARCHAR(16777216),
	""""DEVICE_ID"""" VARCHAR(16777216),
	""""CAMPAIGN_ID"""" VARCHAR(16777216),
	""""SEND_ID"""" VARCHAR(16777216),
	""""SUBSCRIPTION_GROUP_API_ID"""" VARCHAR(16777216),
	""""APP_GROUP_API_ID"""" VARCHAR(16777216),
	""""CATEGORY"""" VARCHAR(16777216),
	""""CANVAS_API_ID"""" VARCHAR(16777216),
	""""CAMPAIGN_API_ID"""" VARCHAR(16777216),
	""""MESSAGE_VARIATION_API_ID"""" VARCHAR(16777216),
	""""CANVAS_STEP_API_ID"""" VARCHAR(16777216),
	""""TIMEZONE"""" VARCHAR(16777216),
	""""USER_ID"""" VARCHAR(16777216),
	""""GENDER"""" VARCHAR(16777216),
	""""EXTERNAL_USER_ID"""" VARCHAR(16777216),
	""""CANVAS_VARIATION_API_ID"""" VARCHAR(16777216)
);"
USERS_MESSAGES_SMS_SEND_VIEW,,"create or replace TABLE USERS_MESSAGES_SMS_SEND_VIEW (
	""""TIMEZONE"""" VARCHAR(16777216),
	""""NUMBER_CUSTOM_ATTRIBUTES"""" VARIANT,
	""""CANVAS_STEP_MESSAGE_VARIATION_ID"""" VARCHAR(16777216),
	""""CAMPAIGN_ID"""" VARCHAR(16777216),
	""""TIME_CUSTOM_ATTRIBUTES"""" VARIANT,
	""""CAMPAIGN_API_ID"""" VARCHAR(16777216),
	""""SEND_ID"""" VARCHAR(16777216),
	""""CANVAS_STEP_API_ID"""" VARCHAR(16777216),
	""""TO_PHONE_NUMBER"""" VARCHAR(16777216),
	""""TIME"""" NUMBER(38,0),
	""""USER_ID"""" VARCHAR(16777216),
	""""CANVAS_ID"""" VARCHAR(16777216),
	""""DEVICE_ID"""" VARCHAR(16777216),
	""""CANVAS_STEP_ID"""" VARCHAR(16777216),
	""""CANVAS_STEP_MESSAGE_VARIATION_API_ID"""" VARCHAR(16777216),
	""""BOOLEAN_CUSTOM_ATTRIBUTES"""" VARIANT,
	""""CANVAS_VARIATION_ID"""" VARCHAR(16777216),
	""""STRING_CUSTOM_ATTRIBUTES"""" VARIANT,
	""""CATEGORY"""" VARCHAR(16777216),
	""""SUBSCRIPTION_GROUP_ID"""" VARCHAR(16777216),
	""""LANGUAGE"""" VARCHAR(16777216),
	""""SF_CREATED_AT"""" TIMESTAMP_LTZ,
	""""APP_GROUP_ID"""" VARCHAR(16777216),
	""""COUNTRY"""" VARCHAR(16777216),
	""""GENDER"""" VARCHAR(16777216),
	""""ID"""" VARCHAR(16777216),
	""""DISPATCH_ID"""" VARCHAR(16777216),
	""""APP_GROUP_API_ID"""" VARCHAR(16777216),
	""""CANVAS_VARIATION_API_ID"""" VARCHAR(16777216),
	""""EXTERNAL_USER_ID"""" VARCHAR(16777216),
	""""MESSAGE_VARIATION_ID"""" VARCHAR(16777216),
	""""FLOAT_CUSTOM_ATTRIBUTES"""" VARIANT,
	""""MESSAGE_VARIATION_API_ID"""" VARCHAR(16777216),
	""""CANVAS_API_ID"""" VARCHAR(16777216),
	""""SUBSCRIPTION_GROUP_API_ID"""" VARCHAR(16777216)
);"
USERS_MESSAGES_WEBHOOK_SEND_VIEW,,"create or replace TABLE USERS_MESSAGES_WEBHOOK_SEND_VIEW (
	""""DISPATCH_ID"""" VARCHAR(16777216),
	""""STRING_CUSTOM_ATTRIBUTES"""" VARIANT,
	""""APP_GROUP_API_ID"""" VARCHAR(16777216),
	""""MESSAGE_VARIATION_API_ID"""" VARCHAR(16777216),
	""""CANVAS_ID"""" VARCHAR(16777216),
	""""CANVAS_STEP_MESSAGE_VARIATION_API_ID"""" VARCHAR(16777216),
	""""CAMPAIGN_API_ID"""" VARCHAR(16777216),
	""""MESSAGE_VARIATION_ID"""" VARCHAR(16777216),
	""""TIMEZONE"""" VARCHAR(16777216),
	""""NUMBER_CUSTOM_ATTRIBUTES"""" VARIANT,
	""""BOOLEAN_CUSTOM_ATTRIBUTES"""" VARIANT,
	""""CANVAS_STEP_ID"""" VARCHAR(16777216),
	""""CANVAS_VARIATION_API_ID"""" VARCHAR(16777216),
	""""USER_ID"""" VARCHAR(16777216),
	""""CANVAS_API_ID"""" VARCHAR(16777216),
	""""ID"""" VARCHAR(16777216),
	""""GENDER"""" VARCHAR(16777216),
	""""LANGUAGE"""" VARCHAR(16777216),
	""""SF_CREATED_AT"""" TIMESTAMP_LTZ,
	""""CANVAS_VARIATION_ID"""" VARCHAR(16777216),
	""""FLOAT_CUSTOM_ATTRIBUTES"""" VARIANT,
	""""CANVAS_STEP_MESSAGE_VARIATION_ID"""" VARCHAR(16777216),
	""""SEND_ID"""" VARCHAR(16777216),
	""""COUNTRY"""" VARCHAR(16777216),
	""""CANVAS_STEP_API_ID"""" VARCHAR(16777216),
	""""APP_GROUP_ID"""" VARCHAR(16777216),
	""""CAMPAIGN_ID"""" VARCHAR(16777216),
	""""TIME_CUSTOM_ATTRIBUTES"""" VARIANT,
	""""TIME"""" NUMBER(38,0),
	""""EXTERNAL_USER_ID"""" VARCHAR(16777216),
	""""DEVICE_ID"""" VARCHAR(16777216)
);"
USERS_RANDOMBUCKETNUMBERUPDATE_VIEW,,"create or replace TABLE USERS_RANDOMBUCKETNUMBERUPDATE_VIEW (
	""""SF_CREATED_AT"""" TIMESTAMP_LTZ,
	""""USER_ID"""" VARCHAR(16777216),
	""""RANDOM_BUCKET_NUMBER"""" NUMBER(38,0),
	""""EXTERNAL_USER_ID"""" VARCHAR(16777216),
	""""APP_GROUP_API_ID"""" VARCHAR(16777216),
	""""BACKFILL_RUN_ID"""" VARCHAR(16777216),
	""""TIME"""" NUMBER(38,0),
	""""PREV_RANDOM_BUCKET_NUMBER"""" NUMBER(38,0),
	""""ID"""" VARCHAR(16777216),
	""""APP_GROUP_ID"""" VARCHAR(16777216)
);"
USERS_USERDELETEREQUEST_VIEW,,"create or replace TABLE USERS_USERDELETEREQUEST_VIEW (
	""""TIME"""" NUMBER(38,0),
	""""SF_CREATED_AT"""" TIMESTAMP_LTZ,
	""""USER_ID"""" VARCHAR(16777216),
	""""APP_GROUP_ID"""" VARCHAR(16777216),
	""""APP_GROUP_API_ID"""" VARCHAR(16777216),
	""""ID"""" VARCHAR(16777216)
);"
USERS_USERORPHAN_VIEW,,"create or replace TABLE USERS_USERORPHAN_VIEW (
	""""SF_CREATED_AT"""" TIMESTAMP_LTZ,
	""""APP_API_ID"""" VARCHAR(16777216),
	""""EXTERNAL_USER_ID"""" VARCHAR(16777216),
	""""APP_GROUP_API_ID"""" VARCHAR(16777216),
	""""ORPHANED_BY_ID"""" VARCHAR(16777216),
	""""ID"""" VARCHAR(16777216),
	""""APP_ID"""" VARCHAR(16777216),
	""""APP_GROUP_ID"""" VARCHAR(16777216),
	""""TIME"""" NUMBER(38,0),
	""""DEVICE_ID"""" VARCHAR(16777216),
	""""USER_ID"""" VARCHAR(16777216)
);"
